wellbore_name,well_name,discovery_name,field_name,production_licence_name,drill_permit,drill_permit_version,drill_oper_group_designation,drill_oper_long_name,drilling_facility_name,wellbore_entry_date,wellbore_completion_date,drilling_days,main_NCS_area,quadrant,block,well_number_in_block,NS_decimal_degrees,EW_decimal_degrees,geodetic_datum,NS_UTM,EW_UTM,UTM_zone,seismic_location,reentry_activity,wellbore_status,wellbore_contents,wellbore_purpose,original_wellbore_purpose,total_depth,kelly_bushing_elevation,water_depth,deepest_penetrated_age,date_generated,NPDID_wellbore,NPDID_discovery,NPDID_field,NPDID_facility_drilling,NPDID_production_licence,www.npd.no/engelsk/cwi/pbl/en/well/all/*.htm
31/2-1,31/2-1,31/2-1 TROLL VEST,TROLL,054,219,L,SHELL,A/S Norske Shell,BORGNY DOLPHIN,17.07.1979,09.11.1979,116,NORTH SEA,31,2,1,60.771989,3.554408,ED50,6737677.61,530201.6,31,77 - 6046 SP 461,,,OIL/GAS,WILDCAT,WILDCAT,2433,24,324,LATE TRIASSIC,24.03.2006,398,44534,46437,288280,21228,398
31/2-1 R,31/2-1,31/2-1 TROLL VEST,TROLL,054,219,L2,SHELL,A/S Norske Shell,BORGNY DOLPHIN,26.10.1981,09.11.1981,15,NORTH SEA,31,2,1,60.771989,3.554408,ED50,6737677.61,530201.6,31,77-6046 SP.461,PLUGGING,P&A,OIL/GAS,WILDCAT,WILDCAT,2432,25,324,LATE TRIASSIC,24.03.2006,505,44534,46437,288280,21228,505
31/2-2,31/2-2,31/2-1 TROLL VEST,TROLL,054,241,L,SHELL,A/S Norske Shell,WEST VENTURE OLD,27.02.1980,23.04.1980,57,NORTH SEA,31,2,2,60.779944,3.623194,ED50,6738597.32,533940.27,31,79416 SP.200,,SUSP.REENTERED LATER,OIL/GAS,APPRAISAL,WILDCAT,1890,32,323,MIDDLE JURASSIC,24.03.2006,227,44534,46437,362494,21228,227
31/2-2 R,31/2-2,31/2-1 TROLL VEST,TROLL,054,241,L2,SHELL,A/S Norske Shell,WEST VENTURE OLD,28.05.1980,30.09.1980,126,NORTH SEA,31,2,2,60.779944,3.623194,ED50,6738597.32,533940.27,31,79416 SP.200,DRILLING/PLUGGING,P&A,OIL/GAS,APPRAISAL,WILDCAT,2600,32,323,TRIASSIC,24.03.2006,504,44534,46437,362494,21228,504
31/2-3,31/2-3,31/2-1 TROLL VEST,TROLL,054,247,L,SHELL,A/S Norske Shell,BORGNY DOLPHIN,28.03.1980,20.07.1980,115,NORTH SEA,31,2,3,60.841067,3.586339,ED50,6745386.82,531872.26,31,62-4421 SP.175,,P&A,OIL/GAS,APPRAISAL,APPRAISAL,2601,25,334,LATE TRIASSIC,24.03.2006,236,44534,46437,288280,21228,236
31/2-4,31/2-4,31/2-1 TROLL VEST,TROLL,054,261,L,SHELL,A/S Norske Shell,BORGNY DOLPHIN,01.09.1980,13.09.1980,13,NORTH SEA,31,2,4,60.856547,3.512314,ED50,6747077.42,527835,31,TLGS 78 - 6C & D - 26,,SUSP.REENTERED LATER,DRY,APPRAISAL,WILDCAT,815,25,336,OLIGOCENE,24.03.2006,208,44534,46437,288280,21228,208
31/2-4 R,31/2-4,31/2-1 TROLL VEST,TROLL,054,261,L2,SHELL,A/S Norske Shell,BORGNY DOLPHIN,09.10.1980,06.04.1981,180,NORTH SEA,31,2,4,60.856547,3.512314,ED50,6747077.42,527835,31,624445  SP: 195,DRILLING,SUSP.REENTERED LATER,OIL/GAS,APPRAISAL,WILDCAT,5035,25,336,EARLY TRIASSIC,24.03.2006,502,44534,46437,288280,21228,502
31/2-4 R2,31/2-4,31/2-1 TROLL VEST,TROLL,054,261,L3,SHELL,A/S Norske Shell,BORGNY DOLPHIN,04.11.1982,12.11.1982,9,NORTH SEA,31,2,4,60.856547,3.512314,ED50,6747077.42,527835,31,624445 SP.195,PLUGGING,P&A,OIL/GAS,APPRAISAL,WILDCAT,5035,25,336,EARLY TRIASSIC,24.03.2006,503,44534,46437,288280,21228,503
31/2-5,31/2-5,31/2-1 TROLL VEST,TROLL,054,263,L,SHELL,A/S Norske Shell,WEST VENTURE OLD,26.10.1980,21.12.1980,57,NORTH SEA,31,2,5,60.771167,3.431517,ED50,6737535.76,523507.71,31,79421 SP. 274,,SUSP.REENTERED LATER,OIL/GAS,APPRAISAL,WILDCAT,2532,32,333,TRIASSIC,24.03.2006,210,44534,46437,362494,21228,210
31/2-5 R,31/2-5,31/2-1 TROLL VEST,TROLL,054,263,L2,SHELL,A/S Norske Shell,BORGNY DOLPHIN,12.06.1981,20.07.1981,39,NORTH SEA,31,2,5,60.771167,3.431517,ED50,6737535.76,523507.71,31,79421   SP. 274,TESTING,SUSP.REENTERED LATER,OIL/GAS,APPRAISAL,WILDCAT,2525,25,333,TRIASSIC,24.03.2006,500,44534,46437,288280,21228,500
31/2-5 R2,31/2-5,31/2-1 TROLL VEST,TROLL,054,263,L3,SHELL,A/S Norske Shell,BORGNY DOLPHIN,22.03.1984,22.04.1984,32,NORTH SEA,31,2,5,60.771167,3.431517,ED50,6737535.76,523507.71,31,79421 SP.274,TESTING,P&A,OIL/GAS,APPRAISAL,WILDCAT,2525,25,333,TRIASSIC,24.03.2006,501,44534,46437,288280,21228,501
31/2-6,31/2-6,31/2-1 TROLL VEST,TROLL,054,296,L,SHELL,A/S Norske Shell,BORGNY DOLPHIN,21.07.1981,17.10.1981,89,NORTH SEA,31,2,6,60.903769,3.647064,ED50,6752401.9,535104.18,31,LINE 8007 - 152  SP: 720.,,P&A,OIL/GAS,APPRAISAL,APPRAISAL,1760,25,343,LATE JURASSIC,24.03.2006,399,44534,46437,288280,21228,399
31/2-7,31/2-7,31/2-1 TROLL VEST,TROLL,054,326,L,SHELL,A/S Norske Shell,BORGNY DOLPHIN,22.04.1982,14.06.1982,54,NORTH SEA,31,2,7,60.857203,3.452558,ED50,6747126.56,524587.9,31,8007 - 147  SP 998,,P&A,OIL/GAS,APPRAISAL,APPRAISAL,1660,25,338,LATE JURASSIC,24.03.2006,70,44534,46437,288280,21228,70
31/2-8,31/2-8,,,054,334,L,SHELL,A/S Norske Shell,BORGNY DOLPHIN,16.06.1982,18.08.1982,64,NORTH SEA,31,2,8,60.959172,3.497178,ED50,6758502.04,526925.96,31,8007-158 X-OVER 8100-406.,,P&A,OIL SHOWS,WILDCAT,WILDCAT,3375,25,346,TRIASSIC,24.03.2006,78,,,288280,21228,78
31/2-9,31/2-9,31/2-1 TROLL VEST,TROLL,054,344,L,SHELL,A/S Norske Shell,BORGNY DOLPHIN,29.08.1982,01.10.1982,34,NORTH SEA,31,2,9,60.881761,3.467619,ED50,6749867.74,525386.67,31,79403  SP 435,,P&A,OIL/GAS,APPRAISAL,APPRAISAL,1770,25,339,MIDDLE JURASSIC,24.03.2006,88,44534,46437,288280,21228,88
31/2-10,31/2-10,31/2-1 TROLL VEST,TROLL,054,346,L,SHELL,A/S Norske Shell,BORGNY DOLPHIN,02.10.1982,31.10.1982,30,NORTH SEA,31,2,10,60.79415,3.494294,ED50,6740119.84,526908.33,31,79-410 SP 668 AND 8007-328 SP 612,,P&A,DRY,APPRAISAL,APPRAISAL,1833,25,331,MIDDLE JURASSIC,24.03.2006,90,44534,46437,288280,21228,90
31/2-11,31/2-11,31/2-1 TROLL VEST,TROLL,054,365,L,SHELL,A/S Norske Shell,BORGNY DOLPHIN,17.03.1983,25.05.1983,70,NORTH SEA,31,2,11,60.824378,3.425044,ED50,6743460.35,523116.74,31,79 - 406  SP 778,,P&A,OIL/GAS,APPRAISAL,APPRAISAL,1744,25,336,MIDDLE JURASSIC,24.03.2006,6,44534,46437,288280,21228,6
31/2-12,31/2-12,31/2-1 TROLL VEST,TROLL,054,373,L,SHELL,A/S Norske Shell,BORGNY DOLPHIN,26.05.1983,08.09.1983,76,NORTH SEA,31,2,12,60.834833,3.513464,ED50,6744659.32,527916.41,31,82 - 41081  SP 956,,P&A,GAS,APPRAISAL,APPRAISAL,1615,25,334,MIDDLE JURASSIC,24.03.2006,14,44534,46437,288280,21228,14
31/2-13 S,31/2-13,31/2-1 TROLL VEST,TROLL,054,401,L,SHELL,A/S Norske Shell,BORGNY DOLPHIN,02.01.1984,15.03.1984,74,NORTH SEA,31,2,13,60.787264,3.434286,ED50,6739329.73,523646.72,31,81 007-412 SP 337.5 & 82-430 SP 102,,P&A,OIL/GAS,APPRAISAL,APPRAISAL,2010,25,333,MIDDLE JURASSIC,24.03.2006,93,44534,46437,288280,21228,93
31/2-14,31/2-14,31/2-1 TROLL VEST,TROLL,054,411,L,SHELL,A/S Norske Shell,BORGNY DOLPHIN,23.04.1984,21.06.1984,60,NORTH SEA,31,2,14,60.857367,3.427133,ED50,6747135.56,523206.43,31,SEE NOTES.,,P&A,OIL/GAS,APPRAISAL,APPRAISAL,1725,25,340,MIDDLE JURASSIC,24.03.2006,106,44534,46437,288280,21228,106
31/2-15,31/2-15,31/2-1 TROLL VEST,TROLL,054,434,L,SHELL,A/S Norske Shell,BORGNY DOLPHIN,10.09.1984,15.11.1984,67,NORTH SEA,31,2,15,60.923736,3.567381,ED50,6754585.85,530762.08,31,8007 - 154  SP. 290,,P&A,OIL/GAS,APPRAISAL,APPRAISAL,1677,25,343,MIDDLE JURASSIC,24.03.2006,439,44534,46437,288280,21228,439
31/2-16 S,31/2-16,31/2-1 TROLL VEST,TROLL,054,622,L,HYDRO,Norsk Hydro Produksjon AS,DEEPSEA BERGEN,27.09.1989,24.12.1989,89,NORTH SEA,31,2,16,60.766667,3.424319,ED50,6737031.98,523118.87,31,NH 8901 - 1145  SP. 336,,RE-CLASS TO DEV,OIL/GAS,APPRAISAL,APPRAISAL,2390,23,354,LATE JURASSIC,24.03.2006,1453,44534,46437,287983,21228,1453
31/2-16 SR,31/2-16,31/2-1 TROLL VEST,TROLL,054,622,L2,HYDRO,Norsk Hydro Produksjon AS,TRANSOCEAN 8,26.06.1991,08.07.1991,13,NORTH SEA,31,2,16,60.766667,3.424319,ED50,6737031.98,523118.87,31,NH 8901 - 1145 SP.336,TESTING,RE-CLASS TO DEV,OIL/GAS,APPRAISAL,APPRAISAL,2388,25,354,LATE JURASSIC,24.03.2006,1820,44534,46437,296677,21228,1820
31/2-17 S,31/2-17,31/2-1 TROLL VEST,TROLL,054,709,L,HYDRO,Norsk Hydro Produksjon AS,TRANSOCEAN 8,28.12.1991,20.01.1992,24,NORTH SEA,31,2,17,60.882522,3.451608,ED50,6749946.42,524516.87,31,NH-8901- LINJE 794 &  SP. 1404,,P&A,OIL/GAS,APPRAISAL,APPRAISAL,2220,24,341,MIDDLE JURASSIC,24.03.2006,1885,44534,46437,296677,21228,1885
31/2-17 A,31/2-17,31/2-1 TROLL VEST,TROLL,054,716,L,HYDRO,Norsk Hydro Produksjon AS,TRANSOCEAN 8,20.01.1992,31.01.1992,12,NORTH SEA,31,2,17,60.882522,3.451608,ED50,6749946.42,524516.87,31,NH-8901- LINJE 794 & SP. 1404,,P&A,OIL/GAS,APPRAISAL,APPRAISAL,1924,24,340,MIDDLE JURASSIC,24.03.2006,1898,44534,46437,296677,21228,1898
31/2-17 B,31/2-17,31/2-1 TROLL VEST,TROLL,054,719,L,HYDRO,Norsk Hydro Produksjon AS,TRANSOCEAN 8,01.02.1992,14.02.1992,14,NORTH SEA,31,2,17,60.882522,3.451608,ED50,6749946.42,524516.87,31,NH-8901- LINJE 794 & SP. 1404,,SUSP.REENTERED LATER,OIL/GAS,APPRAISAL,APPRAISAL,1838,24,340,LATE JURASSIC,24.03.2006,1899,44534,46437,296677,21228,1899
31/2-17 BR,31/2-17,31/2-1 TROLL VEST,TROLL,054,719,L2,HYDRO,Norsk Hydro Produksjon AS,WEST DELTA,14.02.1993,24.02.1993,11,NORTH SEA,31,2,17,60.882522,3.451608,ED50,6749946.42,524516.87,31,NH-8901-LINE 794 & SP.1404,PLUGGING,P&A,OIL/GAS,APPRAISAL,APPRAISAL,1833,29,340,LATE JURASSIC,24.03.2006,2106,44534,46437,287821,21228,2106
31/2-18,31/2-18,31/2-1 TROLL VEST,TROLL,054,741,L,HYDRO,Norsk Hydro Produksjon AS,TREASURE SAGA,15.09.1992,07.10.1992,23,NORTH SEA,31,2,18,60.902914,3.578275,ED50,6752271.73,531373.19,31,NH 9101-  REKKE 1446 &  KOLONNE 2042,,P&A,OIL/GAS,APPRAISAL,APPRAISAL,1711,26,340,MIDDLE JURASSIC,24.03.2006,1988,44534,46437,296326,21228,1988
31/2-18 A,31/2-18,31/2-1 TROLL VEST,TROLL,054,743,L,HYDRO,Norsk Hydro Produksjon AS,TREASURE SAGA,07.10.1992,17.10.1992,11,NORTH SEA,31,2,18,60.902914,3.578275,ED50,6752271.73,531373.19,31,NH 9101-  REKKE 1446 &  KOLONNE 2042,,P&A,OIL/GAS,APPRAISAL,WILDCAT,2005,26,340,MIDDLE JURASSIC,24.03.2006,2038,44534,46437,296326,21228,2038
31/2-19 S,31/2-19,,,191,844,L,HYDRO,Norsk Hydro Produksjon AS,WEST VANGUARD,08.05.1996,13.07.1996,45,NORTH SEA,31,2,19,60.910417,3.371478,ED50,6753026.19,520149.18,31,NH 92 - INLINE 2920 & CROSSLINE 3662,,P&A,DRY,WILDCAT,WILDCAT,4114,22,344,EARLY JURASSIC,24.03.2006,2798,,,287902,1043631,2798
31/2-20 S,31/2-20,,,054,1045,L,HYDRO,Norsk Hydro Produksjon AS,POLAR PIONEER,27.11.2002,08.12.2002,9,NORTH SEA,31,2,20,60.799806,3.449361,ED50,6740732.2,524457.97,31,NH0102-Inline 1281 &  crossline 898,,P&A,DRY,WILDCAT,WILDCAT,3400,23,332,MIDDLE JURASSIC,24.03.2006,4636,,,289333,21228,4636
31/3-1,31/3-1,31/6-1 TROLL ?ST,TROLL,085,379,L,STATOIL,Den norske stats oljeselskap a.s,DEEPSEA BERGEN,17.07.1983,13.10.1983,88,NORTH SEA,31,3,1,60.779961,3.734278,ED50,6738661.73,539989.88,31,ST 8116 - 138  SP 481,,P&A,GAS,APPRAISAL,WILDCAT,2374,23,334,TRIASSIC,24.03.2006,20,44552,46437,287983,21476,20
31/3-2,31/3-2,31/6-1 TROLL ?ST,TROLL,085,403,L,HYDRO,Norsk Hydro Produksjon AS,TREASURE SEEKER,04.03.1984,30.04.1984,46,NORTH SEA,31,3,2,60.869836,3.678275,ED50,6748639.4,536836.48,31,ST 8007 - 338 A  SP. 204.5,,P&A,OIL/GAS,APPRAISAL,APPRAISAL,2090,25,340,EARLY JURASSIC,24.03.2006,100,44552,46437,287956,21476,100
31/3-3,31/3-3,,,085,438,L,SAGA,Saga Petroleum ASA,TREASURE SAGA,13.10.1984,18.11.1984,37,NORTH SEA,31,3,3,60.833969,3.843933,ED50,6744748.95,545884.32,31,ST 8007 - 347  SP. 781,,P&A,DRY,WILDCAT,WILDCAT,2573,26,332,EARLY JURASSIC,24.03.2006,447,,,296326,21476,447
31/4-1,31/4-1,,,055,224,L,HYDRO,Norsk Hydro Produksjon AS,NORSKALD,09.09.1979,25.09.1979,17,NORTH SEA,31,4,1,60.605056,3.008972,ED50,6718956.4,500491.31,31,,,JUNKED,DRY,WILDCAT,WILDCAT,1000,25,170,MIOCENE,24.03.2006,400,,,288091,21236,400
31/4-2,31/4-2,,,055,226,L,HYDRO,Norsk Hydro Produksjon AS,NORSKALD,25.09.1979,15.11.1979,52,NORTH SEA,31,4,2,60.604056,3.007417,ED50,6718845,500406.14,31,,,P&A,OIL SHOWS,WILDCAT,WILDCAT,2900,25,142,TRIASSIC,24.03.2006,401,,,288091,21236,401
31/4-3,31/4-3,31/4-3 BRAGE,BRAGE,055,236,L,HYDRO,Norsk Hydro Produksjon AS,TREASURE SEEKER,24.12.1979,11.05.1980,140,NORTH SEA,31,4,3,60.586722,3.093917,ED50,6716918.02,505145.68,31,954 231 SP.586,,P&A,OIL/GAS,WILDCAT,WILDCAT,4981,25,170,EARLY PERMIAN,24.03.2006,402,44546,43651,287956,21236,402
31/4-4,31/4-4,,,055,267,L,HYDRO,Norsk Hydro Produksjon AS,NORTRYM,17.12.1980,17.02.1981,63,NORTH SEA,31,4,4,60.666978,3.115033,ED50,6725858.96,506287.02,31,X 954459 + 954235.,,P&A,DRY,WILDCAT,WILDCAT,3150,25,214,EARLY JURASSIC,24.03.2006,214,,,288010,21236,214
31/4-5,31/4-5,31/4-3 BRAGE,BRAGE,055,288,L,HYDRO,Norsk Hydro Produksjon AS,NORTRYM,27.05.1981,29.07.1981,64,NORTH SEA,31,4,5,60.558589,3.056992,ED50,6713782.15,503125.28,31,LINE 954 - 231  SP: 435.,,P&A,OIL,APPRAISAL,WILDCAT,2930,25,148,TRIASSIC,24.03.2006,403,44546,43651,288010,21236,403
31/4-6,31/4-6,31/4-3 BRAGE,BRAGE,055,317,L,HYDRO,Norsk Hydro Produksjon AS,NORTRYM,28.02.1982,20.04.1982,52,NORTH SEA,31,4,6,60.521414,3.033289,ED50,6709640.64,501827.57,31,954 443  SP 190,,P&A,OIL/GAS,APPRAISAL,APPRAISAL,2447,25,130,EARLY JURASSIC,24.03.2006,43,44546,43651,288010,21236,43
31/4-7,31/4-7,31/4-3 BRAGE,BRAGE,055,425,L,HYDRO,Norsk Hydro Produksjon AS,VILDKAT EXPLORER,26.07.1984,11.09.1984,48,NORTH SEA,31,4,7,60.568947,3.018283,ED50,6714934.67,501002.29,31,954 - 447  SP. 600,,P&A,OIL/GAS,APPRAISAL,WILDCAT,2505,24,139,LATE TRIASSIC,24.03.2006,235,44546,43651,297028,21236,235
31/4-8,31/4-8,31/4-3 BRAGE,BRAGE,055,508,L,HYDRO,Norsk Hydro Produksjon AS,TREASURE HUNTER,21.03.1986,11.05.1986,52,NORTH SEA,31,4,8,60.523006,3.002664,ED50,6709817.47,500146.24,31,NH 8501 - 077  SP. 172,,P&A,OIL/GAS,APPRAISAL,APPRAISAL,2570,25,124,LATE TRIASSIC,24.03.2006,312,44546,43651,289360,21236,312
31/4-9,31/4-9,31/4-3 BRAGE,BRAGE,055,534,L,HYDRO,Norsk Hydro Produksjon AS,POLAR PIONEER,23.01.1987,07.03.1987,44,NORTH SEA,31,4,9,60.533969,3.090811,ED50,6711042.08,504983.64,31,NH 8501 - 129   SP 610,,P&A,OIL,APPRAISAL,APPRAISAL,2480,23,147,EARLY JURASSIC,24.03.2006,1026,44546,43651,289333,21236,1026
31/4-10,31/4-10,31/4-3 BRAGE,BRAGE,055,829,L,HYDRO,Norsk Hydro Produksjon AS,WEST VANGUARD,14.11.1995,13.12.1995,30,NORTH SEA,31,4,10,60.625067,3.18785,ED50,6721199.94,510280.06,31,NH 9209- ROW 2078 & COLUMN 1224,,P&A,OIL/GAS,APPRAISAL,APPRAISAL,2350,22,234,MIDDLE JURASSIC,24.03.2006,2617,44546,43651,287902,21236,2617
31/4-11,31/4-11,31/4-11,BRAGE,055,981,L,HYDRO,Norsk Hydro Produksjon AS,SCARABEO 6,27.07.2000,12.09.2000,48,NORTH SEA,31,4,11,60.611828,3.100483,ED50,6719714.87,505501.19,31,NH9204 RANDOML.1855 CROSSL.891,,P&A,OIL/GAS,WILDCAT,APPRAISAL,3271,26,183,EARLY JURASSIC,24.03.2006,4147,1626899,43651,297001,21236,4147
31/4-12,31/4-12,,,055,1090,L,HYDRO,Norsk Hydro Produksjon AS,DEEPSEA TRYM,06.02.2005,14.03.2005,37,NORTH SEA,31,4,12,60.595944,3.164389,ED50,6717952.8,509004.27,31,NH9204:inline 1800 & crossline 1200,,P&A,DRY,WILDCAT,WILDCAT,2200,25,210,JURASSIC,24.03.2006,5051,,,296164,21236,5051
31/5-1,31/5-1,,,085,386,L,SAGA,Saga Petroleum ASA,TREASURE SAGA,05.09.1983,30.09.1983,26,NORTH SEA,31,5,1,60.725881,3.549169,ED50,6732539.55,529959.16,31,8007-331 SP 1201 & 8007-132 SP 887,,JUNKED,DRY,WILDCAT,WILDCAT,860,26,316,OLIGOCENE,24.03.2006,27,,,296326,21476,27
31/5-2,31/5-2,31/2-1 TROLL VEST,TROLL,085,391,L,SAGA,Saga Petroleum ASA,TREASURE SAGA,05.10.1983,11.11.1983,38,NORTH SEA,31,5,2,60.725914,3.547983,ED50,6732542.72,529894.43,31,ST 8007 - 132  SP 884,,SUSP.REENTERED LATER,OIL/GAS,APPRAISAL,WILDCAT,2500,26,316,TRIASSIC,24.03.2006,32,44534,46437,296326,21476,32
31/5-2 R,31/5-2,31/2-1 TROLL VEST,TROLL,085,391,L2,SAGA,Saga Petroleum ASA,TREASURE SAGA,11.06.1984,30.08.1984,81,NORTH SEA,31,5,2,60.725914,3.547983,ED50,6732542.72,529894.43,31,ST 8007 - 132  SP 884,TESTING,P&A,OIL/GAS,APPRAISAL,WILDCAT,2500,26,316,TRIASSIC,24.03.2006,499,44534,46437,296326,21476,499
31/5-3,31/5-3,31/2-1 TROLL VEST,TROLL,085,405,L,SAGA,Saga Petroleum ASA,TREASURE SAGA,10.04.1984,09.06.1984,61,NORTH SEA,31,5,3,60.743658,3.439011,ED50,6734474.49,523936.46,31,8007 - 325  SP. 1189,,P&A,OIL/GAS,APPRAISAL,APPRAISAL,2253,26,327,EARLY JURASSIC,24.03.2006,101,44534,46437,296326,21476,101
31/5-4 S,31/5-4,31/2-1 TROLL VEST,TROLL,085,650,L,HYDRO,Norsk Hydro Produksjon AS,TRANSOCEAN 8,13.09.1990,10.10.1990,28,NORTH SEA,31,5,4,60.721164,3.561961,ED50,6732020.1,530661.48,31,NH 9056 - 209&  SP. 95,,P&A,OIL/GAS,APPRAISAL,APPRAISAL,1909,24,316,MIDDLE JURASSIC,24.03.2006,1669,44534,46437,296677,21476,1669
31/5-4 A,31/5-4,31/2-1 TROLL VEST,TROLL,085,656,L,HYDRO,Norsk Hydro Produksjon AS,TRANSOCEAN 8,10.10.1990,13.12.1990,65,NORTH SEA,31,5,4,60.721164,3.561961,ED50,6732020.1,530661.48,31,NH 9056-209 & SP.95,,SUSP.REENTERED LATER,OIL/GAS,APPRAISAL,APPRAISAL,2603,24,316,LATE JURASSIC,24.03.2006,1689,44534,46437,296677,21476,1689
31/5-4 AR,31/5-4,31/2-1 TROLL VEST,TROLL,085,656,L2,HYDRO,Norsk Hydro Produksjon AS,TRANSOCEAN 8,09.07.1991,18.07.1991,10,NORTH SEA,31,5,4,60.721164,3.561961,ED50,6732020.1,530661.48,31,NH 9056-209 &  SP.95,TESTING,SUSPENDED,OIL/GAS,APPRAISAL,APPRAISAL,2602,24,316,LATE JURASSIC,24.03.2006,1832,44534,46437,296677,21476,1832
31/5-5,31/5-5,31/2-1 TROLL VEST,TROLL,085,751,L,HYDRO,Norsk Hydro Produksjon AS,WEST DELTA,30.12.1992,11.02.1993,44,NORTH SEA,31,5,5,60.697128,3.485761,ED50,6729309.74,526523.74,31,NH 9101- ROW 694& COLUMN 542,,SUSP.REENTERED LATER,OIL/GAS,APPRAISAL,APPRAISAL,1930,29,319,MIDDLE JURASSIC,24.03.2006,2059,44534,46437,287821,21476,2059
31/5-5 R,31/5-5,31/2-1 TROLL VEST,TROLL,085,751,L2,HYDRO,Norsk Hydro Produksjon AS,WEST VENTURE,18.07.2002,27.07.2002,10,NORTH SEA,31,5,5,60.697128,3.485761,ED50,6729309.74,526523.74,31,NH 9101- ROW 694& COLUMN 542,PLUGGING,P&A,OIL/GAS,APPRAISAL,APPRAISAL,1937,36,319,MIDDLE JURASSIC,24.03.2006,4593,44534,46437,297055,21476,4593
31/5-6,31/5-6,,,191,979,L,HYDRO,Norsk Hydro Produksjon AS,SCARABEO 6,05.07.2000,25.07.2000,21,NORTH SEA,31,5,6,60.722161,3.357319,ED50,6732053.04,519495.4,31,NH9453-312 N-S& NH9453-110 E-W,,P&A,OIL SHOWS,WILDCAT,WILDCAT,2370,26,328,EARLY JURASSIC,24.03.2006,4128,,,297001,1043631,4128
31/6-1,31/6-1,31/6-1 TROLL ?ST,TROLL,085,381,L,HYDRO,Norsk Hydro Produksjon AS,NORTRYM,15.07.1983,28.10.1983,106,NORTH SEA,31,6,1,60.645803,3.681189,ED50,6723687.94,537253.6,31,ST 8007 - 123  SP 1175,,P&A,OIL/GAS,WILDCAT,WILDCAT,4070,25,302,PRE-DEVONIAN,24.03.2006,22,44552,46437,288010,21476,22
31/6-2,31/6-2,31/6-1 TROLL ?ST,TROLL,085,393,L,STATOIL,Den norske stats oljeselskap a.s,DEEPSEA BERGEN,18.10.1983,11.12.1983,55,NORTH SEA,31,6,2,60.582844,3.915489,ED50,6716831.54,550164.4,31,ST 8007 - 351  SP 1647,,SUSP.REENTERED LATER,GAS,APPRAISAL,APPRAISAL,2020,23,303,EARLY JURASSIC,24.03.2006,34,44552,46437,287983,21476,34
31/6-2 R,31/6-2,31/6-1 TROLL ?ST,TROLL,085,393,L2,STATOIL,Den norske stats oljeselskap a.s,DEEPSEA BERGEN,31.07.1984,08.09.1984,40,NORTH SEA,31,6,2,60.582844,3.915489,ED50,6716831.54,550164.4,31,ST 8007 - 351 SP 1647,DRILLING/PLUGGING,P&A,GAS,APPRAISAL,APPRAISAL,2235,23,303,LATE TRIASSIC,24.03.2006,498,44552,46437,287983,21476,498
31/6-3,31/6-3,,,085,394,L,HYDRO,Norsk Hydro Produksjon AS,NORTRYM,01.11.1983,26.12.1983,56,NORTH SEA,31,6,3,60.501325,3.998214,ED50,6707818.42,554834.84,31,ST 8007 - 107  SP 1025,,P&A,DRY,WILDCAT,WILDCAT,2250,25,301,TRIASSIC,24.03.2006,35,,,288010,21476,35
31/6-4,31/6-4,31/6-1 TROLL ?ST,TROLL,085,407,L,STATOIL,Den norske stats oljeselskap a.s,DEEPSEA BERGEN,05.03.1984,16.03.1984,12,NORTH SEA,31,6,4,60.618347,3.805656,ED50,6720706.99,544097.83,31,NH 8202 - 120  SP. 246,,JUNKED,DRY,APPRAISAL,APPRAISAL,820,23,304,EOCENE,24.03.2006,404,44552,46437,287983,21476,404
31/6-5,31/6-5,31/6-1 TROLL ?ST,TROLL,085,409,L,STATOIL,Den norske stats oljeselskap a.s,DEEPSEA BERGEN,16.03.1984,21.05.1984,67,NORTH SEA,31,6,5,60.618556,3.805828,ED50,6720730.31,544106.97,31,NH 8202 - 120  SP. 246,,P&A,OIL/GAS,APPRAISAL,APPRAISAL,2082,23,304,EARLY JURASSIC,24.03.2006,105,44552,46437,287983,21476,105
31/6-6,31/6-6,31/6-1 TROLL ?ST,TROLL,085,416,L,STATOIL,Den norske stats oljeselskap a.s,DEEPSEA BERGEN,22.05.1984,29.07.1984,69,NORTH SEA,31,6,6,60.699189,3.934614,ED50,6729804.22,551028.07,31,NH 8007-129  SP. 156,,P&A,GAS,APPRAISAL,APPRAISAL,2290,23,313,LATE TRIASSIC,24.03.2006,127,44552,46437,287983,21476,127
31/6-7,31/6-7,31/6-1 TROLL ?ST,TROLL,085,459,L,HYDRO,Norsk Hydro Produksjon AS,TREASURE SEEKER,01.04.1985,13.04.1985,13,NORTH SEA,31,6,7,60.555467,3.677511,ED50,6713624.35,537156.13,31,N H  8202 - 338  SP.  247,,JUNKED,DRY,APPRAISAL,APPRAISAL,698,25,300,OLIGOCENE,24.03.2006,141,44552,46437,287956,21476,141
31/6-8,31/6-8,31/6-1 TROLL ?ST,TROLL,085,462,L,HYDRO,Norsk Hydro Produksjon AS,TREASURE SEEKER,14.04.1985,25.05.1985,42,NORTH SEA,31,6,8,60.555933,3.677519,ED50,6713676.33,537156.05,31,NH 8202 - 338  SP. 247,,SUSP.REENTERED LATER,OIL/GAS,APPRAISAL,APPRAISAL,2138,25,300,EARLY JURASSIC,24.03.2006,466,44552,46437,287956,21476,466
31/6-8 R,31/6-8,31/6-1 TROLL ?ST,TROLL,085,462,L2,HYDRO,Norsk Hydro Produksjon AS,TREASURE SEEKER,22.07.1985,22.09.1985,63,NORTH SEA,31,6,8,60.555933,3.677519,ED50,6713676.33,537156.05,31,NH 8202 - 338  SP. 247,TESTING/PLUGGING,P&A,OIL/GAS,APPRAISAL,APPRAISAL,2138,25,298,EARLY JURASSIC,24.03.2006,493,44552,46437,287956,21476,493
32/4-1,32/4-1,,,205,863,L,PHILLIPS,Phillips Petroleum Company Norway,TRANSOCEAN 8,21.10.1996,04.12.1996,45,NORTH SEA,32,4,1,60.722194,4.076861,ED50,6732485.34,558752.03,31,TE 90 -112 * TE 90 - 207,,P&A,DRY,WILDCAT,WILDCAT,3186,24,312,PRE-DEVONIAN,24.03.2006,2918,,,296677,22452,2918
33/5-1,33/5-1,,,047,218,L,HYDRO,Norsk Hydro Produksjon AS,TREASURE SEEKER,19.07.1979,18.10.1979,92,NORTH SEA,33,5,1,61.746139,1.582611,ED50,6846879.89,425144.48,31,line 754-305 & Sp 228,,P&A,SHOWS,WILDCAT,WILDCAT,3829,25,340,EARLY TRIASSIC,24.03.2006,103,,,287956,21164,103
33/5-2,33/5-2,,,047,297,L,HYDRO,Norsk Hydro Produksjon AS,NORTRYM,31.07.1981,18.11.1981,111,NORTH SEA,33,5,2,61.663094,1.6215,ED50,6837585.98,427002.08,31,SL 5 3 - 415  SP: 185.,,P&A,OIL SHOWS,WILDCAT,WILDCAT,4520,25,310,TRIASSIC,24.03.2006,405,,,288010,21164,405
33/6-1,33/6-1,,,049,212,L,AGIP,Norsk Agip  AS,FERNSTAR,09.04.1979,06.07.1979,89,NORTH SEA,33,6,1,61.537453,1.865986,ED50,6823341.21,439704.03,31,,,P&A,DRY,WILDCAT,WILDCAT,3900,25,306,LATE TRIASSIC,24.03.2006,406,,,288280,21180,406
33/6-2,33/6-2,,,206,864,L,MOBIL,MOBIL EXPLORATION NORWAY INC.,BYFORD DOLPHIN,28.10.1996,02.01.1997,67,NORTH SEA,33,6,2,61.537742,1.9425,ED50,6823304.99,443772.57,31,MN9601M- line 984 & trace 2954,,P&A,SHOWS,WILDCAT,WILDCAT,3950,25,317,EARLY JURASSIC,24.03.2006,2873,,,341331,22460,2873
33/9-1,33/9-1,33/12-1 STATFJORD,STATFJORD,037,109,L,MOBIL,MOBIL EXPLORATION NORWAY INC.,NORSKALD,02.04.1974,04.06.1974,64,NORTH SEA,33,9,1,61.252025,1.840428,ED50,6791573.15,437780.23,31,LINE MNG-28  SP.1-680,,P&A,OIL,APPRAISAL,WILDCAT,3126,25,146,LATE TRIASSIC,24.03.2006,407,44558,43658,288091,21084,407
33/9-2,33/9-2,33/12-1 STATFJORD,STATFJORD,037,113,L,MOBIL,MOBIL EXPLORATION NORWAY INC.,NORSKALD,25.08.1974,14.09.1974,21,NORTH SEA,33,9,2,61.298264,1.894836,ED50,6796672.78,440786.57,31,LINE MNG-20  SP.340,,JUNKED,DRY,APPRAISAL,APPRAISAL,941,25,146,OLIGOCENE,24.03.2006,408,44558,43658,288091,21084,408
33/9-3,33/9-3,33/12-1 STATFJORD,STATFJORD,037,117,L,MOBIL,MOBIL EXPLORATION NORWAY INC.,NORSKALD,15.09.1974,14.11.1974,61,NORTH SEA,33,9,3,61.298647,1.894428,ED50,6796715.85,440765.42,31,LINE MNG-20   SP.340,,P&A,OIL,APPRAISAL,APPRAISAL,2992,25,146,LATE TRIASSIC,24.03.2006,125,44558,43658,288091,21084,125
33/9-4,33/9-4,33/12-1 STATFJORD,STATFJORD,037,135,L,MOBIL,MOBIL EXPLORATION NORWAY INC.,NORSKALD,30.07.1975,17.09.1975,50,NORTH SEA,33,9,4,61.329603,1.911956,ED50,6800148.02,441761.91,31,LINE MNG 21   SP.325,,P&A,OIL,APPRAISAL,WILDCAT,3076,25,144,LATE TRIASSIC,24.03.2006,409,44558,43658,288091,21084,409
33/9-5,33/9-5,33/12-1 STATFJORD,STATFJORD,037,142,L,MOBIL,MOBIL EXPLORATION NORWAY INC.,ROSS RIG,27.10.1975,01.01.1976,67,NORTH SEA,33,9,5,61.346631,1.947694,ED50,6802013.31,443705.3,31,LINE MNG-16  SP.778,,P&A,OIL,APPRAISAL,APPRAISAL,3157,25,152,LATE TRIASSIC,24.03.2006,410,44558,43658,294382,21084,410
33/9-6,33/9-6,33/9-6 DELTA,,037,158,L,MOBIL,MOBIL EXPLORATION NORWAY INC.,DYVI ALPHA,22.06.1976,31.08.1976,71,NORTH SEA,33,9,6,61.420222,1.811969,ED50,6810334.73,436594.24,31,,,P&A,OIL,WILDCAT,WILDCAT,3355,26,152,EARLY JURASSIC,24.03.2006,411,44576,,297514,21084,411
33/9-7,33/9-7,33/9-7 STATFJORD ?ST,STATFJORD ?ST,037,165,L,MOBIL,MOBIL EXPLORATION NORWAY INC.,DYVI ALPHA,06.09.1976,07.11.1976,63,NORTH SEA,33,9,7,61.336714,1.98685,ED50,6800875.6,445782.73,31,,,P&A,OIL,WILDCAT,WILDCAT,3127,26,155,TRIASSIC,24.03.2006,412,44582,43672,297514,21084,412
33/9-8,33/9-8,33/9-8 STATFJORD NORD,STATFJORD NORD,037,169,L,MOBIL,MOBIL EXPLORATION NORWAY INC.,DEEPSEA SAGA,11.11.1976,18.02.1977,90,NORTH SEA,33,9,8,61.438178,1.918019,ED50,6812236.26,442286.97,31,,,P&A,OIL,WILDCAT,WILDCAT,3085,25,265,EARLY JURASSIC,24.03.2006,413,44588,43679,289090,21084,413
33/9-9,33/9-9,33/12-1 STATFJORD,STATFJORD,037,179,L,MOBIL,MOBIL EXPLORATION NORWAY INC.,FERNSTAR,27.07.1977,17.11.1977,114,NORTH SEA,33,9,9,61.286164,1.907236,ED50,6795313.86,441428.36,31,,,P&A,OIL/GAS,APPRAISAL,APPRAISAL,3100,25,145,LATE TRIASSIC,24.03.2006,414,44558,43658,288280,21084,414
33/9-10,33/9-10,,,037,193,L,MOBIL,MOBIL EXPLORATION NORWAY INC.,FERNSTAR,08.04.1978,12.06.1978,66,NORTH SEA,33,9,10,61.466725,1.774897,ED50,6815550.94,434713.13,31,,,P&A,DRY,WILDCAT,WILDCAT,3715,26,162,LATE TRIASSIC,24.03.2006,415,,,288280,21084,415
33/9-11,33/9-11,,,037,198,L,MOBIL,MOBIL EXPLORATION NORWAY INC.,FERNSTAR,17.06.1978,28.08.1978,74,NORTH SEA,33,9,11,61.490592,1.879447,ED50,6818109.14,440329.98,31,,,P&A,DRY,WILDCAT,WILDCAT,3528,25,287,EARLY JURASSIC,24.03.2006,416,,,288280,21084,416
33/9-12,33/9-12,33/9-7 STATFJORD ?ST,STATFJORD ?ST,037,551,L,STATOIL,Den norske stats oljeselskap a.s,ROSS ISLE,19.06.1987,03.08.1987,46,NORTH SEA,33,9,12,61.320011,1.99345,ED50,6799009.69,446107.22,31,E86 - 171  SP. 1381,,P&A,OIL,APPRAISAL,APPRAISAL,2959,22,148,LATE TRIASSIC,24.03.2006,1069,44582,43672,296245,21084,1069
33/9-13 S,33/9-13,33/9-8 STATFJORD NORD,STATFJORD NORD,037,565,L,STATOIL,Den norske stats oljeselskap a.s,ROSS ISLE,14.10.1987,24.12.1987,72,NORTH SEA,33,9,13,61.451236,1.9675,ED50,6813648.01,444949.13,31,E 86-543 & CMP 946,,P&A,OIL,APPRAISAL,APPRAISAL,3077,22,291,EARLY JURASSIC,24.03.2006,1028,44588,43679,296245,21084,1028
33/9-14,33/9-14,33/9-8 STATFJORD NORD,STATFJORD NORD,037,571,L,STATOIL,Den norske stats oljeselskap a.s,DEEPSEA BERGEN,17.02.1988,09.04.1988,53,NORTH SEA,33,9,14,61.433406,1.901244,ED50,6811719.66,441383.29,31,E 86 - 457  SP. 716,,P&A,OIL,APPRAISAL,APPRAISAL,2982,23,248,EARLY JURASSIC,24.03.2006,1226,44588,43679,287983,21084,1226
33/9-15,33/9-15,,,172,727,L,MOBIL,MOBIL EXPLORATION NORWAY INC.,SOVEREIGN EXPLOR,23.04.1992,08.06.1992,47,NORTH SEA,33,9,15,61.406853,1.954378,ED50,6808715.45,444170.28,31,E86X403&  SP. 1001,,P&A,SHOWS,WILDCAT,WILDCAT,3007,27,253,MIDDLE JURASSIC,24.03.2006,1810,,,289846,22188,1810
33/9-16,33/9-16,,,172,750,L,MOBIL,MOBIL EXPLORATION NORWAY INC.,ROSS ISLE,28.11.1992,20.01.1993,53,NORTH SEA,33,9,16,61.391336,1.950536,ED50,6806990.41,443937.38,31,E86R91-line715 & xline1025,,P&A,SHOWS,WILDCAT,APPRAISAL,2870,22,227,MIDDLE JURASSIC,24.03.2006,1801,,,296245,22188,1801
33/9-17,33/9-17,,,172,786,L,MOBIL,MOBIL EXPLORATION NORWAY INC.,TREASURE SAGA,02.04.1994,04.05.1994,33,NORTH SEA,33,9,17,61.455161,1.846053,ED50,6814193.73,438481.99,31,E 86 R-93-3D INLINE 497 &  CROSSLINE 436,,P&A,OIL SHOWS,WILDCAT,WILDCAT,3233,26,228,MIDDLE JURASSIC,24.03.2006,2114,,,296326,22188,2114
33/9-18,33/9-18,,,037,799,L,STATOIL,Den norske stats oljeselskap a.s,DEEPSEA BERGEN,16.11.1994,20.12.1994,35,NORTH SEA,33,9,18,61.261328,1.935481,ED50,6792522.53,442897.08,31,CTM 94-3D: INLINE 1127 & CROSSLINE 492,,P&A,DRY,WILDCAT,WILDCAT,3253,23,145,LATE JURASSIC,24.03.2006,2454,,,287983,21084,2454
33/9-18 A,33/9-18,,,037,800,L,STATOIL,Den norske stats oljeselskap a.s,DEEPSEA BERGEN,21.12.1994,24.01.1995,35,NORTH SEA,33,9,18,61.261328,1.935481,ED50,6792522.53,442897.08,31,CTM 94-3D: INLINE 1127 & CROSSLINE 492,,P&A,DRY,WILDCAT,WILDCAT,3595,23,145,LATE JURASSIC,24.03.2006,2455,,,287983,21084,2455
33/9-19 S,33/9-19,33/9-19 S SYGNA,SYGNA,037,848,L,STATOIL,Den norske stats oljeselskap a.s,TRANS. WILDCAT,29.06.1996,23.07.1996,25,NORTH SEA,33,9,19,61.475989,1.997389,ED50,6816380.31,446585.05,31,E 86 REPR. 93  INLINE 620& CROSSL. 990,,P&A,OIL,WILDCAT,APPRAISAL,3197,25,304,EARLY JURASSIC,24.03.2006,2830,44564,104718,297028,21084,2830
33/9-19 A,33/9-19,33/9-19 S SYGNA,SYGNA,037,857,L,STATOIL,Den norske stats oljeselskap a.s,TRANS. WILDCAT,23.07.1996,09.08.1996,18,NORTH SEA,33,9,19,61.475989,1.997389,ED50,6816380.31,446585.05,31,E 86 REPR. 93 INLINE 620 & CROSSL. 990,,P&A,OIL,APPRAISAL,APPRAISAL,3514,25,304,EARLY JURASSIC,24.03.2006,2872,44564,104718,297028,21084,2872
33/12-1,33/12-1,33/12-1 STATFJORD,STATFJORD,037,101,L,MOBIL,MOBIL EXPLORATION NORWAY INC.,WAAGE DRILL I,01.12.1973,18.04.1974,139,NORTH SEA,33,12,1,61.204206,1.828703,ED50,6786258.21,437055.69,31,LINE ANO 73-12   SP.58,,P&A,OIL,WILDCAT,WILDCAT,3060,27,146,LATE TRIASSIC,24.03.2006,417,44558,43658,289171,21084,417
33/12-2,33/12-2,33/12-1 STATFJORD,STATFJORD,037,111,L,MOBIL,MOBIL EXPLORATION NORWAY INC.,NORSKALD,06.06.1974,23.08.1974,79,NORTH SEA,33,12,2,61.225328,1.857214,ED50,6788583.71,438628.86,31,LINE MNG-30  SP.160,,P&A,OIL,APPRAISAL,WILDCAT,4354,25,147,EARLY TRIASSIC,24.03.2006,418,44558,43658,288091,21084,418
33/12-3,33/12-3,33/12-1 STATFJORD,STATFJORD,037,125,L,MOBIL,MOBIL EXPLORATION NORWAY INC.,NORSKALD,23.04.1975,16.05.1975,24,NORTH SEA,33,12,3,61.238789,1.8905,ED50,6790052.24,440441.76,31,LINE MNG 28   SP.380,,JUNKED,DRY,APPRAISAL,APPRAISAL,1735,25,146,EOCENE,24.03.2006,841,44558,43658,288091,21084,841
33/12-4,33/12-4,33/12-1 STATFJORD,STATFJORD,037,130,L,MOBIL,MOBIL EXPLORATION NORWAY INC.,NORSKALD,17.05.1975,17.07.1975,62,NORTH SEA,33,12,4,61.238667,1.890972,ED50,6790038.19,440466.88,31,LINE MNG 28   SP.380,,P&A,OIL,APPRAISAL,APPRAISAL,2896,26,146,LATE TRIASSIC,24.03.2006,126,44558,43658,288091,21084,126
33/12-5,33/12-5,33/12-1 STATFJORD,STATFJORD,037,140,L,MOBIL,MOBIL EXPLORATION NORWAY INC.,NORSKALD,09.10.1975,21.02.1976,136,NORTH SEA,33,12,5,61.184869,1.864831,ED50,6784070.29,438959.62,31,LINE MNG-34   SP.145,,P&A,DRY,APPRAISAL,APPRAISAL,4574,25,143,TRIASSIC,24.03.2006,115,44558,43658,288091,21084,115
33/12-6,33/12-6,,,037,150,L,MOBIL,MOBIL EXPLORATION NORWAY INC.,NORSKALD,02.03.1976,20.06.1976,111,NORTH SEA,33,12,6,61.076781,1.954933,ED50,6771950.39,443612.01,31,LINE MNG 42 SP.365,,P&A,DRY,WILDCAT,WILDCAT,4614,26,138,LATE TRIASSIC,24.03.2006,119,,,288091,21084,119
33/12-7,33/12-7,,,152,601,L,STATOIL,Den norske stats oljeselskap a.s,DEEPSEA BERGEN,22.02.1989,27.04.1989,65,NORTH SEA,33,12,7,61.126589,1.909028,ED50,6777538.47,441227.76,31,NOD-8-87-012& SKUDDPUNKT 170,,P&A,DRY,WILDCAT,WILDCAT,3703,23,140,EARLY JURASSIC,24.03.2006,1358,,,287983,22028,1358
33/12-8 S,33/12-8,33/12-8 S SKINFAKS B,GULLFAKS S?R,152,1031,L,STATOIL,Statoil ASA,BORGLAND DOLPHIN,26.03.2002,26.04.2002,32,NORTH SEA,33,12,8,61.077317,1.965611,ED50,6772000.95,444189.05,31,,,P&A,OIL/GAS,WILDCAT,WILDCAT,3750,31,137,EARLY JURASSIC,24.03.2006,4493,2074087,43699,297784,22028,4493
33/12-8 A,33/12-8,33/12-8 A SKINFAKS,GULLFAKS S?R,152,1037,L,STATOIL,Statoil ASA,BORGLAND DOLPHIN,26.04.2002,16.05.2002,21,NORTH SEA,33,12,8,61.077317,1.965611,ED50,6772000.95,444189.05,31,,,SUSPENDED,OIL/GAS,WILDCAT,WILDCAT,5098,31,139,MIDDLE JURASSIC,24.03.2006,4532,2074147,43699,297784,22028,4532
34/2-1,34/2-1,,,056,235,L,AMOCO,Amoco Norway Oil Company,BYFORD DOLPHIN,29.12.1979,23.02.1980,57,NORTH SEA,34,2,1,61.774461,2.551722,ED50,6849300.93,476345.98,31,ANO 77-02 SP.230,,JUNKED,DRY,WILDCAT,WILDCAT,807,25,389,PLIOCENE,24.03.2006,420,,,341331,21244,420
34/2-2,34/2-2,,,056,268,L,AMOCO,Amoco Norway Oil Company,SEDCO 703,27.11.1980,12.12.1980,141,NORTH SEA,34,2,2,61.774461,2.551722,ED50,6849300.93,476345.98,31,ANO 79 - 36& SP 515,,SUSP.REENTERED LATER,DRY,WILDCAT,WILDCAT,513,26,386,PLIOCENE,24.03.2006,215,,,288793,21244,215
34/2-2 R,34/2-2,,,056,268,L2,AMOCO,Amoco Norway Oil Company,SEDCO 703,12.12.1980,08.05.1981,148,NORTH SEA,34,2,2,61.774461,2.551722,ED50,6849300.93,476345.98,31,ANO 79 - 36& SP 515,DRILLING/PLUGGING,P&A,DRY,WILDCAT,WILDCAT,4074,26,386,LATE TRIASSIC,24.03.2006,497,,,288793,21244,497
34/2-3,34/2-3,,,056,286,L,AMOCO,Amoco Norway Oil Company,SEDCO 703,15.05.1981,13.08.1981,91,NORTH SEA,34,2,3,61.789142,2.501278,ED50,6850955.73,473696.79,31,ANO 79 - 35  SP: 620.,,P&A,SHOWS,WILDCAT,WILDCAT,3741,26,388,LATE TRIASSIC,24.03.2006,421,,,288793,21244,421
34/2-4,34/2-4,,,056,458,L,AMOCO,Amoco Norway Oil Company,WEST VENTURE OLD,22.03.1985,11.06.1985,82,NORTH SEA,34,2,4,61.755586,2.660456,ED50,6847163.49,482072.43,31,79 - 39  SP. 1140,,P&A,OIL SHOWS,WILDCAT,WILDCAT,4107,33,391,EARLY JURASSIC,24.03.2006,467,,,362494,21244,467
34/4-1,34/4-1,34/4-1 SNORRE,SNORRE,057,217,L,SAGA,Saga Petroleum ASA,BYFORD DOLPHIN,11.07.1979,08.12.1979,151,NORTH SEA,34,4,1,61.547008,2.273239,ED50,6824096.5,461368.88,31,,,P&A,OIL,WILDCAT,WILDCAT,2955,25,375,EARLY TRIASSIC,24.03.2006,422,44654,43718,341331,21252,422
34/4-2,34/4-2,,,057,242,L,SAGA,Saga Petroleum ASA,BYFORD DOLPHIN,06.03.1980,24.05.1980,80,NORTH SEA,34,4,2,61.508592,2.0714,ED50,6819953.53,450579.59,31,ST 606-403 SP.77,,P&A,DRY,WILDCAT,WILDCAT,3600,25,322,LATE TRIASSIC,24.03.2006,228,,,341331,21252,228
34/4-3,34/4-3,,,057,306,L,SAGA,Saga Petroleum ASA,DYVI ALPHA,16.10.1981,30.03.1982,166,NORTH SEA,34,4,3,61.609153,2.126228,ED50,6831114.85,453647.63,31,SG 8020 - 409  SP 580,,P&A,DRY,WILDCAT,WILDCAT,4460,25,366,LATE TRIASSIC,24.03.2006,423,,,297514,21252,423
34/4-4,34/4-4,34/4-1 SNORRE,SNORRE,057,315,L,SAGA,Saga Petroleum ASA,DYVI ALPHA,11.09.1982,03.02.1983,146,NORTH SEA,34,4,4,61.505792,2.235983,ED50,6819527.92,459334.8,31,SG 8020 - 201  SP 2295,,P&A,OIL,APPRAISAL,WILDCAT,3800,25,345,TRIASSIC,24.03.2006,41,44654,43718,297514,21252,41
34/4-5,34/4-5,34/4-5,,057,395,L,SAGA,Saga Petroleum ASA,TREASURE SAGA,13.11.1983,06.04.1984,146,NORTH SEA,34,4,5,61.685969,2.297778,ED50,6839561.78,462840.14,31,SG 8320 - 442  SP 188,,P&A,OIL,WILDCAT,WILDCAT,3917,26,379,MIDDLE TRIASSIC,24.03.2006,37,44660,,296326,21252,37
34/4-6,34/4-6,34/4-1 SNORRE,SNORRE,057,497,L,SAGA,Saga Petroleum ASA,VINNI,31.12.1985,26.03.1986,86,NORTH SEA,34,4,6,61.570581,2.222219,ED50,6826753.59,458688.37,31,SG 8420 - 198  SP. 525,,P&A,OIL,APPRAISAL,APPRAISAL,3282,26,374,LATE TRIASSIC,24.03.2006,875,44654,43718,289414,21252,875
34/4-7,34/4-7,34/4-1 SNORRE,SNORRE,057,535,L,SAGA,Saga Petroleum ASA,TREASURE SAGA,17.02.1987,12.05.1987,85,NORTH SEA,34,4,7,61.519397,2.254292,ED50,6821032.19,460326.58,31,SG 8420 - 084  SP. 595,,SUSPENDED,OIL,APPRAISAL,APPRAISAL,2950,26,354,LATE TRIASSIC,24.03.2006,943,44654,43718,296326,21252,943
34/4-8,34/4-8,,,057,790,L,SAGA,Saga Petroleum ASA,VILDKAT EXPLORER,22.05.1994,21.06.1994,31,NORTH SEA,34,4,8,61.58445,2.169369,ED50,6828333.19,455901.06,31,SG 8420-RE: ROW 455 & COLUMN 825,,P&A,DRY,WILDCAT,WILDCAT,3110,25,363,LATE TRIASSIC,24.03.2006,1908,,,297028,21252,1908
34/4-9 S,34/4-9,34/4-1 SNORRE,SNORRE,057,865,L,SAGA,Saga Petroleum ASA,SCARABEO 5,08.01.1997,15.02.1997,39,NORTH SEA,34,4,9,61.512419,2.171694,ED50,6820307.98,455922.5,31,SG 8420-67 IDP 835-SG 8420-67 IDP 819.,,P&A,OIL,APPRAISAL,APPRAISAL,3440,25,337,LATE TRIASSIC,24.03.2006,2931,44654,43718,294058,21252,2931
34/4-10,34/4-10,34/4-10,,057,968,L,SAGA,Saga Petroleum ASA,TRANS. ARCTIC,12.02.2000,05.03.2000,23,NORTH SEA,34,4,10,61.625925,2.075131,ED50,6833020.57,450963.66,31,MN 9601 INLINE 1220 - CROSSLINE 2054,,SUSP. AT 13 3/8'',DRY,WILDCAT,WILDCAT,2380,24,357,LATE CRETACEOUS,24.03.2006,3143,1030530,,294382,21252,3143
34/4-10 R,34/4-10,34/4-10,,057,968,L2,SAGA,Saga Petroleum ASA,TRANS. ARCTIC,13.03.2000,18.04.2000,37,NORTH SEA,34,4,10,61.625908,2.075114,ED50,6833018.73,450962.75,31,MN 9601 INLINE 1220- CROSSLINE 2054,DRILLING/PLUGGING,P&A,OIL,WILDCAT,WILDCAT,4246,24,357,EARLY JURASSIC,24.03.2006,4051,1030530,,294382,21252,4051
34/6-1 S,34/6-1,,,268,1039,L,CONOCO,Norske Conoco A/S,TRANS. WINNER,18.07.2002,28.08.2002,42,NORTH SEA,34,6,1,61.582317,2.685472,ED50,6827854.7,483300.01,31,Intersection line 4100 and trace 3542,,P&A,DRY,WILDCAT,WILDCAT,4360,26,380,LATE TRIASSIC,24.03.2006,4561,,,296326,1624366,4561
34/7-1,34/7-1,34/4-1 SNORRE,SNORRE,089,415,L,SAGA,Saga Petroleum ASA,VILDKAT EXPLORER,09.05.1984,24.07.1984,77,NORTH SEA,34,7,1,61.472756,2.223531,ED50,6815855.79,458628.19,31,8231 - 125  SP. 200,,P&A,OIL,APPRAISAL,WILDCAT,2929,24,328,LATE TRIASSIC,24.03.2006,111,44654,43718,297028,21516,111
34/7-2,34/7-2,,,089,424,L,SAGA,Saga Petroleum ASA,TREASURE SAGA,02.09.1984,11.10.1984,40,NORTH SEA,34,7,2,61.299211,2.161361,ED50,6796565.81,455067.4,31,SG 8231 - 106  SP. 287,,P&A,DRY,WILDCAT,WILDCAT,2475,26,246,TRIASSIC,24.03.2006,233,,,296326,21516,233
34/7-3,34/7-3,34/4-1 SNORRE,SNORRE,089,436,L,SAGA,Saga Petroleum ASA,VILDKAT EXPLORER,14.09.1984,02.01.1985,111,NORTH SEA,34,7,3,61.431689,2.128858,ED50,6811345.1,453522.97,31,G/E - 153  SP. 440,,P&A,OIL,APPRAISAL,WILDCAT,3414,24,303,LATE TRIASSIC,24.03.2006,442,44654,43718,297028,21516,442
34/7-4,34/7-4,34/4-1 SNORRE,SNORRE,089,445,L,SAGA,Saga Petroleum ASA,TREASURE SAGA,19.11.1984,16.01.1985,59,NORTH SEA,34,7,4,61.484567,2.133406,ED50,6817231.93,453843.83,31,61E-035   SP. 430,,P&A,OIL,APPRAISAL,WILDCAT,3115,26,319,LATE TRIASSIC,24.03.2006,455,44654,43718,296326,21516,455
34/7-5,34/7-5,33/9-7 STATFJORD ?ST,STATFJORD ?ST,089,448,L,SAGA,Saga Petroleum ASA,TREASURE SAGA,17.01.1985,16.03.1985,59,NORTH SEA,34,7,5,61.365264,2.023242,ED50,6804026.01,447777.65,31,SG 82 31 - 113  SP. 485,,P&A,OIL,APPRAISAL,WILDCAT,3146,26,244,LATE TRIASSIC,24.03.2006,458,44582,43672,296326,21516,458
34/7-6,34/7-6,34/4-1 SNORRE,SNORRE,089,457,L,SAGA,Saga Petroleum ASA,TREASURE SAGA,17.03.1985,30.05.1985,75,NORTH SEA,34,7,6,61.453014,2.138128,ED50,6813713.92,454048.88,31,G/E - 106  SP. 420,,P&A,OIL,APPRAISAL,APPRAISAL,3685,26,307,LATE TRIASSIC,24.03.2006,465,44654,43718,296326,21516,465
34/7-7,34/7-7,34/4-1 SNORRE,SNORRE,089,483,L,SAGA,Saga Petroleum ASA,TREASURE SAGA,17.09.1985,16.12.1985,91,NORTH SEA,34,7,7,61.448481,2.098803,ED50,6813237.29,451945.36,31,G/E - 116   SP. 505,,P&A,OIL,APPRAISAL,WILDCAT,3526,26,303,LATE TRIASSIC,24.03.2006,525,44654,43718,296326,21516,525
34/7-8,34/7-8,34/7-8 VIGDIS,VIGDIS,089,503,L,SAGA,Saga Petroleum ASA,TREASURE SAGA,05.02.1986,11.04.1986,66,NORTH SEA,34,7,8,61.373869,2.142603,ED50,6804894.92,454171.61,31,G/E - 281   SP. 410,,P&A,OIL,WILDCAT,WILDCAT,2766,26,286,LATE TRIASSIC,24.03.2006,878,44714,43732,296326,21516,878
34/7-9,34/7-9,34/4-1 SNORRE,SNORRE,089,510,L,SAGA,Saga Petroleum ASA,TREASURE SAGA,13.04.1986,12.06.1986,61,NORTH SEA,34,7,9,61.486664,2.195444,ED50,6817423.2,457150.88,31,SG 8420 ROW 011 COLUMN 470,,P&A,OIL,APPRAISAL,APPRAISAL,3240,26,304,LATE TRIASSIC,24.03.2006,889,44654,43718,296326,21516,889
34/7-10,34/7-10,34/4-1 SNORRE,SNORRE,089,527,L,SAGA,Saga Petroleum ASA,TREASURE SAGA,26.08.1986,29.10.1986,65,NORTH SEA,34,7,10,61.4174,2.126731,ED50,6809754.99,453388.15,31,G/E 3D 1983 LINJE 185  SP. 445,,P&A,OIL,APPRAISAL,WILDCAT,3000,26,300,LATE TRIASSIC,24.03.2006,947,44654,43718,296326,21516,947
34/7-11,34/7-11,,,089,564,L,SAGA,Saga Petroleum ASA,TREASURE SAGA,02.10.1987,11.10.1987,10,NORTH SEA,34,7,11,61.271444,2.113083,ED50,6793507.13,452438.89,31,SG   8431   ROW  155   COLUMN  534,,JUNKED,DRY,WILDCAT,WILDCAT,887,26,190,MIOCENE,24.03.2006,1176,,,296326,21516,1176
34/7-12,34/7-12,34/7-12 TORDIS,TORDIS,089,567,L,SAGA,Saga Petroleum ASA,TREASURE SAGA,11.10.1987,17.12.1987,68,NORTH SEA,34,7,12,61.271628,2.113128,ED50,6793527.52,452441.55,31,SG  8431   ROW 155   COLUMN  534,,P&A,OIL,WILDCAT,WILDCAT,2784,26,190,LATE TRIASSIC,24.03.2006,1187,44666,43725,296326,21516,1187
34/7-13,34/7-13,34/7-8 VIGDIS,VIGDIS,089,572,L,SAGA,Saga Petroleum ASA,TREASURE SAGA,19.02.1988,13.04.1988,61,NORTH SEA,34,7,13,61.405342,2.053469,ED50,6808466.37,449458.44,31,E 86 (3D) ROW 438 COL. 1410,,P&A,OIL,APPRAISAL,WILDCAT,2994,26,289,LATE TRIASSIC,24.03.2006,1233,44714,43732,296326,21516,1233
34/7-14,34/7-14,34/7-12 TORDIS,TORDIS,089,620,L,SAGA,Saga Petroleum ASA,VILDKAT EXPLORER,28.09.1989,02.12.1989,66,NORTH SEA,34,7,14,61.258956,2.116125,ED50,6792113.82,452583.17,31,SG 8431  ROW 183  COL. 528,,P&A,OIL,APPRAISAL,APPRAISAL,2653,25,148,EARLY JURASSIC,24.03.2006,1278,44666,43725,297028,21516,1278
34/7-15 S,34/7-15,,,089,638,L,SAGA,Saga Petroleum ASA,TREASURE SAGA,23.05.1990,03.09.1990,104,NORTH SEA,34,7,15,61.410719,2.214783,ED50,6808951.1,458078.95,31,G/E 83    ROW 200   KOL 256,,P&A,OIL SHOWS,WILDCAT,WILDCAT,4646,26,306,EARLY JURASSIC,24.03.2006,1544,,,296326,21516,1544
34/7-16,34/7-16,34/7-8 VIGDIS,VIGDIS,089,640,L,SAGA,Saga Petroleum ASA,SCARABEO 5,27.06.1990,13.08.1990,48,NORTH SEA,34,7,16,61.386961,2.116344,ED50,6806371.9,452787.89,31,G/E 83 (RP) RAD 253 &  KOL. 933,,SUSP.REENTERED LATER,OIL,APPRAISAL,WILDCAT,2700,25,287,EARLY JURASSIC,24.03.2006,1550,44714,43732,294058,21516,1550
34/7-16 R,34/7-16,34/7-8 VIGDIS,VIGDIS,089,640,L2,SAGA,Saga Petroleum ASA,TREASURE SAGA,04.09.1990,15.10.1990,42,NORTH SEA,34,7,16,61.386961,2.116344,ED50,6806371.9,452787.89,31,G/E 83 (RP)  RAD 253&  KOL 933.,DRILLING,SUSP.REENTERED LATER,OIL,APPRAISAL,WILDCAT,2980,26,287,LATE TRIASSIC,24.03.2006,1677,44714,43732,296326,21516,1677
34/7-16 R2,34/7-16,34/7-8 VIGDIS,VIGDIS,089,640,L3,SAGA,Saga Petroleum ASA,VILDKAT EXPLORER,23.06.1994,05.07.1994,13,NORTH SEA,34,7,16,61.386961,2.116344,ED50,6806371.9,452787.89,31,G/E 83 (RP) RAD 253& KOL.933,PLUGGING,P&A,OIL,APPRAISAL,WILDCAT,2980,25,287,LATE TRIASSIC,24.03.2006,2389,44714,43732,297028,21516,2389
34/7-17 A,34/7-17,34/7-8 VIGDIS,VIGDIS,089,677,L,SAGA,Saga Petroleum ASA,TREASURE SAGA,07.04.1991,04.05.1991,28,NORTH SEA,34,7,17,61.347414,2.095086,ED50,6801982.38,451591.07,31,GE-83  ROW  341   COL  1025,,P&A,OIL/GAS,APPRAISAL,APPRAISAL,2650,26,259,MIDDLE JURASSIC,24.03.2006,1536,44714,43732,296326,21516,1536
34/7-17,34/7-17,34/7-8 VIGDIS,VIGDIS,089,668,L,SAGA,Saga Petroleum ASA,TREASURE SAGA,25.02.1991,07.04.1991,42,NORTH SEA,34,7,17,61.347414,2.095086,ED50,6801982.38,451591.07,31,GE-83 & ROW 341- COL. 1025,,P&A,DRY,APPRAISAL,APPRAISAL,3115,26,259,LATE TRIASSIC,24.03.2006,1713,44714,43732,296326,21516,1713
34/7-18,34/7-18,,,089,690,L,SAGA,Saga Petroleum ASA,WEST ALPHA,20.07.1991,17.09.1991,60,NORTH SEA,34,7,18,61.319653,2.111183,ED50,6798878.3,452410.07,31,GE - 8431R: ROW 95 & COLUMN 1095,,P&A,OIL SHOWS,WILDCAT,WILDCAT,2443,18,243,EARLY JURASSIC,24.03.2006,1819,,,297514,21516,1819
34/7-19,34/7-19,34/7-8 VIGDIS,VIGDIS,089,698,L,SAGA,Saga Petroleum ASA,WEST ALPHA,23.09.1991,26.12.1991,95,NORTH SEA,34,7,19,61.394156,2.092072,ED50,6807191.07,451502.27,31,GE-83: RAD 237 & KOLONNE 1037,,SUSP.REENTERED LATER,OIL,APPRAISAL,APPRAISAL,2800,18,286,EARLY JURASSIC,24.03.2006,1838,44714,43732,297514,21516,1838
34/7-19 R,34/7-19,34/7-8 VIGDIS,VIGDIS,089,698,L2,SAGA,Saga Petroleum ASA,VILDKAT EXPLORER,06.07.1994,12.07.1994,7,NORTH SEA,34,7,19,61.394156,2.092072,ED50,6807191.07,451502.27,31,GE-83:ROW 237 & COLUMN 1037,PLUGGING,P&A,OIL,APPRAISAL,APPRAISAL,2794,25,286,EARLY JURASSIC,24.03.2006,2401,44714,43732,297028,21516,2401
34/7-20,34/7-20,,,089,736,L,SAGA,Saga Petroleum ASA,TREASURE SAGA,18.07.1992,27.08.1992,41,NORTH SEA,34,7,20,61.444347,2.03055,ED50,6812829.08,448299.25,31,E-86-3D: REKKE 540 & KOLONNE 1219,,P&A,OIL SHOWS,WILDCAT,WILDCAT,3178,26,295,LATE TRIASSIC,24.03.2006,1967,,,296326,21516,1967
34/7-21,34/7-21,34/7-21 BORG,TORDIS,089,747,L,SAGA,Saga Petroleum ASA,TREASURE SAGA,19.10.1992,11.12.1992,54,NORTH SEA,34,7,21,61.293567,2.072539,ED50,6796001.43,450299.76,31,SG 8431: ROW 211& COLUMN 1241,,P&A,OIL,WILDCAT,WILDCAT,3015,26,192,EARLY JURASSIC,24.03.2006,2026,44690,43725,296326,21516,2026
34/7-21 A,34/7-21,34/7-21 BORG,TORDIS,089,752,L,SAGA,Saga Petroleum ASA,TREASURE SAGA,11.12.1992,12.02.1993,64,NORTH SEA,34,7,21,61.293567,2.072539,ED50,6796001.43,450299.76,31,SG 8431  R 211 C 1241,,P&A,OIL,APPRAISAL,APPRAISAL,3360,26,192,MIDDLE JURASSIC,24.03.2006,2068,44690,43725,296326,21516,2068
34/7-22,34/7-22,34/7-22 TORDIS ?ST,TORDIS,089,766,L,SAGA,Saga Petroleum ASA,WEST DELTA,15.08.1993,01.10.1993,48,NORTH SEA,34,7,22,61.278436,2.171867,ED50,6794244.54,455600.91,31,SG-8431R-3D: ROW 279&  COL. 815,,P&A,OIL,WILDCAT,WILDCAT,2507,29,226,EARLY JURASSIC,24.03.2006,2167,44696,43725,287821,21516,2167
34/7-23 S,34/7-23,34/7-23 S,VIGDIS,089,783,L,SAGA,Saga Petroleum ASA,VILDKAT EXPLORER,22.02.1994,03.04.1994,41,NORTH SEA,34,7,23,61.340247,2.075428,ED50,6801198.83,450528.18,31,GE-83:ROW 357 & COLUMN 1109,,P&A,OIL,WILDCAT,WILDCAT,3375,25,246,MIDDLE JURASSIC,24.03.2006,2296,44702,43732,297028,21516,2296
34/7-23 A,34/7-23,34/7-23 S,VIGDIS,089,788,L,SAGA,Saga Petroleum ASA,VILDKAT EXPLORER,03.04.1994,20.05.1994,48,NORTH SEA,34,7,23,61.340247,2.075428,ED50,6801198.83,450528.18,31,GE-83:ROW 357-COLUMN 1109,,P&A,OIL,APPRAISAL,APPRAISAL,3412,25,246,MIDDLE JURASSIC,24.03.2006,2326,44702,43732,297028,21516,2326
34/7-24 S,34/7-24,34/7-23 S,VIGDIS,089,801,L,SAGA,Saga Petroleum ASA,VILDKAT EXPLORER,25.02.1995,24.03.1995,28,NORTH SEA,34,7,24,61.309144,2.030986,ED50,6797768.9,448098.91,31,CTM- ROW 1598 & COLUMN 857,,P&A,SHOWS,APPRAISAL,APPRAISAL,3145,25,152,LATE JURASSIC,24.03.2006,2460,44702,43732,297028,21516,2460
34/7-25 S,34/7-25,34/7-25 S,TORDIS,089,852,L,SAGA,Saga Petroleum ASA,DEEPSEA BERGEN,31.07.1996,14.09.1996,46,NORTH SEA,34,7,25,61.252567,2.144761,ED50,6791381.74,454110.02,31,CTM 94-INLINE 1035 & CROSSLINE 1389,,P&A,OIL,WILDCAT,WILDCAT,3235,23,189,EARLY JURASSIC,24.03.2006,2863,44708,43725,287983,21516,2863
34/7-26 S,34/7-26,34/7-21 BORG,TORDIS,089,902,L,SAGA,Saga Petroleum ASA,SCARABEO 5,18.08.1997,13.09.1997,27,NORTH SEA,34,7,26,61.274828,2.119836,ED50,6793879.09,452806.07,31,CTM 94:E-W LINE 1216 & N-S LINE 1012,,SUSP.REENTERED LATER,DRY,APPRAISAL,APPRAISAL,4193,25,201,LATE CRETACEOUS,24.03.2006,3168,44690,43725,294058,21516,3168
34/7-26 SR,34/7-26,34/7-21 BORG,TORDIS,089,902,L2,SAGA,Saga Petroleum ASA,SCARABEO 5,06.01.1998,02.02.1998,28,NORTH SEA,34,7,26,61.274828,2.119836,ED50,6793879.09,452806.07,31,,DRILLING/PLUGGING,P&A,OIL,APPRAISAL,APPRAISAL,4690,25,201,MIDDLE JURASSIC,24.03.2006,3315,44690,43725,294058,21516,3315
34/7-26 A,34/7-26,34/7-21 BORG,TORDIS,089,925,L,SAGA,Saga Petroleum ASA,SCARABEO 5,02.02.1998,22.04.1998,80,NORTH SEA,34,7,26,61.274828,2.119836,ED50,6793879.09,452806.07,31,CTM 94R95 INLINE 1360 &  X-LINE 1104,,RE-CLASS TO DEV,OIL,APPRAISAL,APPRAISAL,4290,25,201,LATE JURASSIC,24.03.2006,3329,44690,43725,294058,21516,3329
34/7-27,34/7-27,,,089,933,L,MOBIL,MOBIL EXPLORATION NORWAY INC.,BYFORD DOLPHIN,01.09.1998,07.10.1998,37,NORTH SEA,34,7,27,61.492247,2.005833,ED50,6818184.41,447062.53,31,E86R97- INLINE 1334& X-LINE 10999,,P&A,DRY,WILDCAT,WILDCAT,3000,25,311,EARLY JURASSIC,24.03.2006,3214,,,341331,21516,3214
34/7-28,34/7-28,,,089,921,L,SAGA,Saga Petroleum ASA,TRANS. LEADER,30.12.1997,02.03.1998,63,NORTH SEA,34,7,28,61.468544,2.018089,ED50,6815534.3,447675.32,31,E86R97- INLINE 1208 &  X-LINE 1107,,P&A,DRY,WILDCAT,WILDCAT,2987,24,305,MIDDLE JURASSIC,24.03.2006,3282,,,296677,21516,3282
34/7-29 S,34/7-29,34/7-29 S,VIGDIS,089,923,L,SAGA,Saga Petroleum ASA,TRANS. LEADER,04.03.1998,14.04.1998,42,NORTH SEA,34,7,29,61.364358,2.039825,ED50,6803911.99,448662.75,31,CMT-94R95: ROW 2038 & COLUMN 993,,SUSP.REENTERED LATER,OIL,WILDCAT,WILDCAT,2927,24,250,MIDDLE JURASSIC,24.03.2006,3313,105363,43732,296677,21516,3313
34/7-29 SR,34/7-29,34/7-29 S,VIGDIS,089,923,L2,SAGA,Saga Petroleum ASA,DEEPSEA BERGEN,18.02.1999,17.03.1999,28,NORTH SEA,34,7,29,61.364358,2.039825,,6803911.99,448662.75,31,CMT-94R95: ROW 2038 & COLUMN 993,TESTING,P&A,OIL,WILDCAT,WILDCAT,2926,25,250,MIDDLE JURASSIC,24.03.2006,3702,105363,43732,287983,21516,3702
34/7-30 S,34/7-30,34/7-25 S,TORDIS,089,952,L,SAGA,Saga Petroleum ASA,BIDEFORD DOLPHIN,26.05.1999,12.06.1999,17,NORTH SEA,34,7,30,61.261742,2.170417,ED50,6792385.97,455499.56,31,SG 9201 INLINE 450 & X-LINE 2750,,SUSP. AT 13 3/8'',DRY,APPRAISAL,APPRAISAL,1148,31,213,MIOCENE,24.03.2006,3757,44708,43725,290170,21516,3757
34/7-30 SR,34/7-30,34/7-25 S,TORDIS,089,952,L2,SAGA,Saga Petroleum ASA,SCARABEO 5,12.11.1999,02.12.1999,21,NORTH SEA,34,7,30,61.261742,2.170417,ED50,6792385.97,455499.56,31,SG 9201 INLINE 450 & X-LINE 2750,DRILLING,P&A,DRY,APPRAISAL,APPRAISAL,2478,25,213,MIDDLE JURASSIC,24.03.2006,3886,44708,43725,294058,21516,3886
34/7-31,34/7-31,34/7-31,VIGDIS,089,994,L,HYDRO,Norsk Hydro Produksjon AS,SCARABEO 6,10.03.2001,13.04.2001,35,NORTH SEA,34,7,31,61.310419,2.066611,ED50,6797883.12,450008.95,31,SG 9701& inline 1800/6456,,P&A,OIL,WILDCAT,APPRAISAL,2650,26,233,MIDDLE JURASSIC,24.03.2006,4214,1629388,43732,297001,21516,4214
34/7-31 A,34/7-31,34/7-31,VIGDIS,089,1002,L,HYDRO,Norsk Hydro Produksjon AS,SCARABEO 6,13.04.2001,25.04.2001,13,NORTH SEA,34,7,31,61.310419,2.066472,ED50,6797883.23,450001.51,31,SG9701& inline 1800/6456,,P&A,OIL,APPRAISAL,APPRAISAL,3454,26,233,LATE JURASSIC,24.03.2006,4301,1629388,43732,297001,21516,4301
34/7-32,34/7-32,,,089,1015,L,HYDRO,Norsk Hydro Produksjon AS,BYFORD DOLPHIN,08.10.2001,27.10.2001,20,NORTH SEA,34,7,32,61.44275,2.048778,ED50,6812636.85,449268.69,31,SG 9701 4240/6554,,P&A,DRY,WILDCAT,WILDCAT,2651,25,300,MIDDLE JURASSIC,24.03.2006,4423,,,341331,21516,4423
34/8-1,34/8-1,34/8-1 VISUND,VISUND,120,488,L,HYDRO,Norsk Hydro Produksjon AS,TREASURE SCOUT,11.11.1985,08.03.1986,121,NORTH SEA,34,8,1,61.364861,2.432658,ED50,6803722.25,469666.18,31,NH 8404 - 221   SP. 215,,P&A,OIL/GAS,WILDCAT,WILDCAT,3610,23,326,LATE TRIASSIC,24.03.2006,854,44720,43745,287848,21772,854
34/8-2,34/8-2,,,120,522,L,HYDRO,Norsk Hydro Produksjon AS,POLAR PIONEER,04.10.1986,17.11.1986,45,NORTH SEA,34,8,2,61.369586,2.526692,ED50,6804208.51,474697.57,31,NH 8404 - 271   SP. 465,,P&A,DRY,WILDCAT,WILDCAT,3240,23,378,LATE TRIASSIC,24.03.2006,915,,,289333,21772,915
34/8-3,34/8-3,34/8-1 VISUND,VISUND,120,581,L,HYDRO,Norsk Hydro Produksjon AS,POLAR PIONEER,14.07.1988,14.09.1988,63,NORTH SEA,34,8,3,61.407789,2.54585,ED50,6808456.8,475751.35,31,NH 8404 - 321   SP 275,,P&A,OIL/GAS,APPRAISAL,WILDCAT,3328,23,382,EARLY JURASSIC,24.03.2006,940,44720,43745,289333,21772,940
34/8-3 A,34/8-3,34/8-1 VISUND,VISUND,120,589,L,HYDRO,Norsk Hydro Produksjon AS,POLAR PIONEER,14.09.1988,31.10.1988,48,NORTH SEA,34,8,3,61.407789,2.54585,ED50,6808456.8,475751.35,31,NH 8404 - 321   SP  245,,P&A,OIL/GAS,APPRAISAL,APPRAISAL,3230,23,382,EARLY JURASSIC,24.03.2006,1338,44720,43745,289333,21772,1338
34/8-4 S,34/8-4,34/8-4 S,VISUND,120,659,L,HYDRO,Norsk Hydro Produksjon AS,M?RSK JUTLANDER,06.12.1990,09.06.1991,186,NORTH SEA,34,8,4,61.324883,2.421853,ED50,6799274.11,469049.02,31,NH 8404-171/1171& SP. 10656,,SUSP.REENTERED LATER,GAS/CONDENSATE,WILDCAT,WILDCAT,4150,23,309,TRIASSIC,24.03.2006,1683,44726,43745,296353,21772,1683
34/8-4 A,34/8-4,34/8-4 S,VISUND,120,711,L,HYDRO,Norsk Hydro Produksjon AS,TRANSOCEAN 8,18.02.1992,27.05.1992,100,NORTH SEA,34,8,4,61.324883,2.421853,ED50,6799274.11,469049.02,31,NH 9001- REKKE 589 & SP. 698,,SUSP.REENTERED LATER,OIL,APPRAISAL,APPRAISAL,3567,24,309,LATE TRIASSIC,24.03.2006,1909,44726,43745,296677,21772,1909
34/8-4 AR,34/8-4,34/8-4 S,VISUND,120,711,L2,STATOIL,Statoil ASA,BIDEFORD DOLPHIN,21.02.2003,07.03.2003,15,NORTH SEA,34,8,4,61.324883,2.421853,ED50,6799274.11,469049.02,31,NH 9001-589 & SP 698,PLUGGING,P&A,OIL,APPRAISAL,APPRAISAL,3567,31,309,LATE TRIASSIC,24.03.2006,4709,44726,43745,290170,21772,4709
34/8-5,34/8-5,34/8-1 VISUND,VISUND,120,667,L,HYDRO,Norsk Hydro Produksjon AS,TRANSOCEAN 8,18.02.1991,01.04.1991,43,NORTH SEA,34,8,5,61.324983,2.349428,ED50,6799321.73,465171.96,31,NH 9001-219 &  SP. 750,,P&A,SHOWS,APPRAISAL,APPRAISAL,3540,24,296,LATE TRIASSIC,24.03.2006,1719,44720,43745,296677,21772,1719
34/8-6,34/8-6,,,120,699,L,HYDRO,Norsk Hydro Produksjon AS,TRANSOCEAN 8,21.09.1991,03.11.1991,44,NORTH SEA,34,8,6,61.442044,2.475931,ED50,6812300.64,472048.81,31,NH9001 - 597 A   SP. 291,,P&A,SHOWS,WILDCAT,WILDCAT,3950,24,376,EARLY JURASSIC,24.03.2006,1842,,,296677,21772,1842
34/8-7,34/8-7,34/8-7,,120,725,L,HYDRO,Norsk Hydro Produksjon AS,POLAR PIONEER,21.03.1992,16.07.1992,118,NORTH SEA,34,8,7,61.319186,2.558931,ED50,6798582.22,476383.07,31,NH 9001- REKKE 809 & KOLONNE 1200,,SUSP.REENTERED LATER,GAS,WILDCAT,WILDCAT,5460,23,335,LATE TRIASSIC,24.03.2006,1941,44732,,289333,21772,1941
34/8-7 R,34/8-7,34/8-7,,120,725,L2,HYDRO,Norsk Hydro Produksjon AS,POLAR PIONEER,19.11.1992,10.02.1993,84,NORTH SEA,34,8,7,61.319186,2.558931,ED50,6798582.22,476383.07,31,NH 9001- REKKE 809 & KOLONNE 1200,TESTING,P&A,GAS,WILDCAT,WILDCAT,5460,23,334,LATE TRIASSIC,24.03.2006,2057,44732,,289333,21772,2057
34/8-8,34/8-8,34/8-1 VISUND,VISUND,120,730,L,HYDRO,Norsk Hydro Produksjon AS,TRANSOCEAN 8,30.06.1992,24.08.1992,56,NORTH SEA,34,8,8,61.379497,2.478836,ED50,6805332.03,472148.13,31,NH-9001-3D: ROW 925 & COL. 585,,SUSP.REENTERED LATER,OIL,APPRAISAL,APPRAISAL,3625,24,341,LATE TRIASSIC,24.03.2006,1969,44720,43745,296677,21772,1969
34/8-8 R,34/8-8,34/8-1 VISUND,VISUND,120,730,L2,HYDRO,Norsk Hydro Produksjon AS,POLAR PIONEER,16.02.1993,09.03.1993,22,NORTH SEA,34,8,8,61.379497,2.478836,ED50,6805332.03,472148.13,31,NH-9001-3d:ROW 925 & COL.585,TESTING/PLUGGING,P&A,OIL,APPRAISAL,APPRAISAL,3625,23,341,LATE TRIASSIC,24.03.2006,2080,44720,43745,289333,21772,2080
34/8-9 S,34/8-9,34/8-4 S,VISUND,120,746,L,HYDRO,Norsk Hydro Produksjon AS,WEST DELTA,25.10.1992,26.12.1992,63,NORTH SEA,34,8,9,61.314036,2.388303,ED50,6798082.19,467241.65,31,NH 9001- RAD 461& KOLONNE 683,,P&A,OIL,APPRAISAL,APPRAISAL,3530,29,300,LATE TRIASSIC,24.03.2006,2029,44726,43745,287821,21772,2029
34/8-10 S,34/8-10,34/8-1 VISUND,VISUND,120,768,L,HYDRO,Norsk Hydro Produksjon AS,POLAR PIONEER,28.09.1993,09.12.1993,74,NORTH SEA,34,8,10,61.354528,2.455194,ED50,6802560.93,470861.49,31,NH-9001-3D:ROW 770 & COLUMN 658,,P&A,OIL,APPRAISAL,APPRAISAL,3470,23,326,LATE TRIASSIC,24.03.2006,2179,44720,43745,289333,21772,2179
34/8-11,34/8-11,34/8-1 VISUND,VISUND,120,780,L,HYDRO,Norsk Hydro Produksjon AS,POLAR PIONEER,10.12.1993,08.02.1994,61,NORTH SEA,34,8,11,61.363039,2.460428,ED50,6803506.68,471149.22,31,nh 9001 - 30: inline 817& crossline 625,,P&A,OIL,APPRAISAL,APPRAISAL,3140,23,331,EARLY JURASSIC,24.03.2006,2180,44720,43745,289333,21772,2180
34/8-12 S,34/8-12,34/8-12 S,,120,1016,L,HYDRO,Norsk Hydro Produksjon AS,TRANS. ARCTIC,06.11.2001,09.12.2001,34,NORTH SEA,34,8,12,61.268058,2.342178,ED50,6792984.72,464719.99,31,NH9263-16,,P&A,OIL,WILDCAT,WILDCAT,3160,24,273,LATE TRIASSIC,24.03.2006,4424,1853123,,294382,21772,4424
34/10-1,34/10-1,34/10-1 GULLFAKS,GULLFAKS,050,197,L,STATOIL,Den norske stats oljeselskap a.s,ROSS RIG,20.06.1978,08.09.1978,80,NORTH SEA,34,10,1,61.179678,2.212131,ED50,6783217.39,457626.92,31,LINE ST 24.5  &  SP 1373,,P&A,OIL,WILDCAT,WILDCAT,2460,25,138,LATE TRIASSIC,24.03.2006,424,44594,43686,294382,21188,424
34/10-2,34/10-2,34/10-2 GULLFAKS S?R,GULLFAKS S?R,050,202,L,STATOIL,Den norske stats oljeselskap a.s,ROSS RIG,09.09.1978,08.12.1978,91,NORTH SEA,34,10,2,61.1022,2.227767,ED50,6774577.4,458365.95,31,,,P&A,OIL/GAS,WILDCAT,WILDCAT,3730,25,133,LATE TRIASSIC,24.03.2006,425,44606,43699,294382,21188,425
34/10-3,34/10-3,34/10-1 GULLFAKS,GULLFAKS,050,211,L,STATOIL,Den norske stats oljeselskap a.s,NORSKALD,13.03.1979,07.06.1979,87,NORTH SEA,34,10,3,61.213744,2.198619,ED50,6787020.8,456946.8,31,708/709-404   SP 405,,SUSP.REENTERED LATER,OIL,APPRAISAL,WILDCAT,2799,25,140,LATE TRIASSIC,24.03.2006,426,44594,43686,288091,21188,426
34/10-3 R,34/10-3,34/10-1 GULLFAKS,GULLFAKS,050,211,L2,STATOIL,Den norske stats oljeselskap a.s,ROSS ISLE,03.10.1987,10.10.1987,8,NORTH SEA,34,10,3,61.213744,2.198619,ED50,6787020.8,456946.8,31,708/709-404 SP.405,PLUGGING,P&A,OIL,APPRAISAL,WILDCAT,2802,22,140,LATE TRIASSIC,24.03.2006,1186,44594,43686,296245,21188,1186
34/10-4,34/10-4,34/10-1 GULLFAKS,GULLFAKS,050,222,L,STATOIL,Den norske stats oljeselskap a.s,ROSS RIG,12.08.1979,15.10.1979,65,NORTH SEA,34,10,4,61.204347,2.232211,ED50,6785952.41,458739.12,31,709-404   SP 322,,P&A,OIL,APPRAISAL,WILDCAT,2600,25,197,LATE TRIASSIC,24.03.2006,427,44594,43686,294382,21188,427
34/10-5,34/10-5,34/10-1 GULLFAKS,GULLFAKS,050,228,L,STATOIL,Den norske stats oljeselskap a.s,ROSS RIG,17.10.1979,02.01.1980,78,NORTH SEA,34,10,5,61.190375,2.173164,ED50,6784434.79,455546.36,31,ST 24.5    SP 1275,,P&A,OIL,APPRAISAL,APPRAISAL,2780,25,136,LATE TRIASSIC,24.03.2006,428,44594,43686,294382,21188,428
34/10-6,34/10-6,34/10-1 GULLFAKS,GULLFAKS,050,231,L,STATOIL,Den norske stats oljeselskap a.s,BORGNY DOLPHIN,14.11.1979,22.01.1980,70,NORTH SEA,34,10,6,61.243636,2.2288,ED50,6790330.87,458607.45,31,ST 37.5   SP 295,,P&A,DRY,APPRAISAL,APPRAISAL,2363,25,223,EARLY JURASSIC,24.03.2006,429,44594,43686,288280,21188,429
34/10-7,34/10-7,34/10-1 GULLFAKS,GULLFAKS,050,237,L,STATOIL,Den norske stats oljeselskap a.s,ROSS RIG,07.01.1980,23.03.1980,77,NORTH SEA,34,10,7,61.203733,2.2746,ED50,6785858.02,461016.27,31,S 30-180   SP 328,,SUSP.REENTERED LATER,OIL,APPRAISAL,APPRAISAL,2250,25,204,LATE TRIASSIC,24.03.2006,222,44594,43686,294382,21188,222
34/10-7 R,34/10-7,34/10-1 GULLFAKS,GULLFAKS,050,237,L2,STATOIL,Den norske stats oljeselskap a.s,ROSS ISLE,31.05.1983,14.07.1983,45,NORTH SEA,34,10,7,61.203733,2.2746,ED50,6785858.02,461016.27,31,S 30 - 180  SP. 328,TESTING/PLUGGING,P&A,OIL,APPRAISAL,APPRAISAL,2247,22,204,LATE TRIASSIC,24.03.2006,496,44594,43686,296245,21188,496
34/10-8,34/10-8,34/10-1 GULLFAKS,GULLFAKS,050,243,L,STATOIL,Den norske stats oljeselskap a.s,DEEPSEA SAGA,08.03.1980,25.05.1980,79,NORTH SEA,34,10,8,61.166536,2.200956,ED50,6781760.88,457008.04,31,S3D - 236   SP. 170,,P&A,OIL,APPRAISAL,APPRAISAL,2214,25,133,EARLY JURASSIC,24.03.2006,230,44594,43686,289090,21188,230
34/10-9,34/10-9,34/10-1 GULLFAKS,GULLFAKS,050,248,L,STATOIL,Den norske stats oljeselskap a.s,ROSS RIG,24.03.1980,09.05.1980,47,NORTH SEA,34,10,9,61.215372,2.250147,ED50,6787169.27,459717.06,31,3D 163   SP 275,,SUSP.REENTERED LATER,OIL,APPRAISAL,APPRAISAL,2378,25,202,EARLY JURASSIC,24.03.2006,140,44594,43686,294382,21188,140
34/10-9 R,34/10-9,34/10-1 GULLFAKS,GULLFAKS,050,248,L2,STATOIL,Den norske stats oljeselskap a.s,DEEPSEA SAGA,26.05.1980,03.07.1980,39,NORTH SEA,34,10,9,61.215372,2.250147,ED50,6787169.27,459717.06,31,3D 163   SP 275,DRILLING/PLUGGING,P&A,OIL,APPRAISAL,APPRAISAL,2424,25,202,EARLY JURASSIC,24.03.2006,495,44594,43686,289090,21188,495
34/10-10,34/10-10,,,050,257,L,STATOIL,Den norske stats oljeselskap a.s,NORSKALD,15.08.1980,21.08.1980,7,NORTH SEA,34,10,10,61.174431,2.245311,ED50,6782611.87,459404.63,31,3D-224    SP 265,,SUSP.REENTERED LATER,DRY,WILDCAT,WILDCAT,816,25,154,MIOCENE,24.03.2006,430,,,288091,21188,430
34/10-10 R,34/10-10,,,050,257,L2,STATOIL,Den norske stats oljeselskap a.s,BORGNY DOLPHIN,19.09.1980,04.10.1980,16,NORTH SEA,34,10,10,61.174431,2.245311,ED50,6782611.87,459404.63,31,3D-224 SP.265,,JUNKED,DRY,WILDCAT,WILDCAT,816,25,154,MIOCENE,24.03.2006,859,,,288280,21188,859
34/10-11,34/10-11,34/10-1 GULLFAKS,GULLFAKS,050,264,L,STATOIL,Den norske stats oljeselskap a.s,ROSS RIG,24.10.1980,04.03.1981,132,NORTH SEA,34,10,11,61.222456,2.292472,ED50,6787932.93,461999.28,31,S 3D 152    SP 365,,P&A,OIL,APPRAISAL,APPRAISAL,2151,25,229,LATE TRIASSIC,24.03.2006,211,44594,43686,294382,21188,211
34/10-12,34/10-12,,,050,295,L,STATOIL,Den norske stats oljeselskap a.s,NORDRAUG,16.07.1981,12.09.1981,59,NORTH SEA,34,10,12,61.157414,2.106033,ED50,6780810.91,451887.14,31,LINE 709 401  SP: 630.,,P&A,DRY,WILDCAT,WILDCAT,2800,25,138,EARLY JURASSIC,24.03.2006,204,,,298081,21188,204
34/10-13,34/10-13,34/10-1 GULLFAKS,GULLFAKS,050,300,L,STATOIL,Den norske stats oljeselskap a.s,DEEPSEA SAGA,24.08.1981,05.01.1982,135,NORTH SEA,34,10,13,61.200536,2.300833,ED50,6785486.52,462422.23,31,3D - 185 SP: 385.,,P&A,OIL,APPRAISAL,APPRAISAL,3392,25,214,LATE TRIASSIC,24.03.2006,431,44594,43686,289090,21188,431
34/10-14,34/10-14,34/10-1 GULLFAKS,GULLFAKS,050,312,L,STATOIL,Den norske stats oljeselskap a.s,ROSS RIG,24.12.1981,19.03.1982,86,NORTH SEA,34,10,14,61.233472,2.255242,ED50,6789182.27,460013.7,31,3D - 136  SP 285,,P&A,OIL,APPRAISAL,APPRAISAL,2647,25,224,LATE TRIASSIC,24.03.2006,95,44594,43686,294382,21188,95
34/10-15,34/10-15,,,050,349,L,STATOIL,Den norske stats oljeselskap a.s,NORDRAUG,16.10.1982,12.12.1982,57,NORTH SEA,34,10,15,61.175017,2.245714,ED50,6782676.91,459427.04,31,3D - 223    SP 265,,P&A,DRY,WILDCAT,WILDCAT,2400,25,164,LATE TRIASSIC,24.03.2006,67,,,298081,21188,67
34/10-16,34/10-16,34/10-2 GULLFAKS S?R,GULLFAKS S?R,050,357,L,STATOIL,Den norske stats oljeselskap a.s,NORDRAUG,14.12.1982,11.04.1983,119,NORTH SEA,34,10,16,61.093228,2.179628,ED50,6773609.61,455758.16,31,8008 - 111  SP 270,,SUSP.REENTERED LATER,OIL/GAS,APPRAISAL,APPRAISAL,4042,25,138,LATE TRIASSIC,24.03.2006,59,44606,43699,298081,21188,59
34/10-16 R,34/10-16,34/10-2 GULLFAKS S?R,GULLFAKS S?R,050,357,L2,STATOIL,Den norske stats oljeselskap a.s,ROSS ISLE,31.08.1983,27.09.1983,28,NORTH SEA,34,10,16,61.093228,2.179628,ED50,6773609.61,455758.16,31, 8008 - 111  SP. 270,TESTING/PLUGGING,P&A,OIL/GAS,APPRAISAL,APPRAISAL,4042,25,138,LATE TRIASSIC,24.03.2006,494,44606,43699,296245,21188,494
34/10-17,34/10-17,34/10-17 RIMFAKS,GULLFAKS S?R,050,364,L,STATOIL,Den norske stats oljeselskap a.s,DEEPSEA BERGEN,23.02.1983,08.07.1983,136,NORTH SEA,34,10,17,61.066369,2.014106,ED50,6770741.25,446787.09,31,8213 - 177  SP 158,,P&A,OIL/GAS,WILDCAT,WILDCAT,3466,25,135,EARLY JURASSIC,24.03.2006,5,44600,43699,287983,21188,5
34/10-18,34/10-18,,,050,382,L,STATOIL,Den norske stats oljeselskap a.s,ROSS ISLE,16.07.1983,30.08.1983,46,NORTH SEA,34,10,18,61.239578,2.055231,ED50,6790001.13,449285.34,31,ST 8214 - 402  SP 190,,P&A,DRY,WILDCAT,WILDCAT,3025,22,141,EARLY JURASSIC,24.03.2006,23,,,296245,21188,23
34/10-19,34/10-19,34/10-1 GULLFAKS,GULLFAKS,050,392,L,STATOIL,Den norske stats oljeselskap a.s,ROSS ISLE,05.10.1983,06.12.1983,63,NORTH SEA,34,10,19,61.18635,2.258486,ED50,6783931.44,460128.36,31,ST S3D - 206  SP 293,,P&A,DRY,APPRAISAL,APPRAISAL,2218,22,193,TRIASSIC,24.03.2006,33,44594,43686,296245,21188,33
34/10-20,34/10-20,,,050,399,L,STATOIL,Den norske stats oljeselskap a.s,ROSS ISLE,23.12.1983,23.04.1984,123,NORTH SEA,34,10,20,61.022331,2.296039,ED50,6765639.55,461951,31,ST 8313 - 410  SP 220,,JUNKED,DRY,WILDCAT,WILDCAT,3743,22,135,EARLY CRETACEOUS,24.03.2006,212,,,296245,21188,212
34/10-21,34/10-21,34/10-2 GULLFAKS S?R,GULLFAKS S?R,050,426,L,STATOIL,Den norske stats oljeselskap a.s,DYVI DELTA,26.07.1984,22.10.1984,89,NORTH SEA,34,10,21,61.125844,2.148481,ED50,6777264.06,454125.77,31,ST 8134 - 173  SP. 160,,P&A,GAS,APPRAISAL,APPRAISAL,4001,29,136,LATE TRIASSIC,24.03.2006,221,44606,43699,287821,21188,221
34/10-22,34/10-22,34/10-1 GULLFAKS,GULLFAKS,050,440,L,STATOIL,Den norske stats oljeselskap a.s,DYVI DELTA,25.10.1984,05.11.1984,12,NORTH SEA,34,10,22,61.175972,2.187403,ED50,6782820.92,456291.93,31,8199407   SP. 102,,P&A,GAS,APPRAISAL,APPRAISAL,579,29,135,PLIOCENE,24.03.2006,446,44594,43686,287821,21188,446
34/10-23,34/10-23,34/10-23 VALEMON,,050,465,L,STATOIL,Den norske stats oljeselskap a.s,DYVI DELTA,06.05.1985,13.10.1985,161,NORTH SEA,34,10,23,61.018431,2.317103,ED50,6765193.09,463084.94,31,ST 8313 - 410  SP. 170,,P&A,GAS,WILDCAT,WILDCAT,4764,29,135,LATE TRIASSIC,24.03.2006,476,44618,,287821,21188,476
34/10-24,34/10-24,34/10-1 GULLFAKS,GULLFAKS,050,471,L,STATOIL,Den norske stats oljeselskap a.s,DEEPSEA BERGEN,28.06.1985,05.08.1985,39,NORTH SEA,34,10,24,61.175736,2.191139,ED50,6782792.13,456492.55,31,ST 8488  2111   SP. 500,,P&A,GAS,APPRAISAL,APPRAISAL,600,23,134,PLIOCENE,24.03.2006,483,44594,43686,287983,21188,483
34/10-25,34/10-25,34/10-1 GULLFAKS,GULLFAKS,050,477,L,STATOIL,Den norske stats oljeselskap a.s,DEEPSEA BERGEN,06.08.1985,17.08.1985,12,NORTH SEA,34,10,25,61.203222,2.203547,ED50,6785845.53,457197.25,31,8199423   SP. 120,,P&A,DRY,APPRAISAL,APPRAISAL,600,23,143,PLIOCENE,24.03.2006,523,44594,43686,287983,21188,523
34/10-26,34/10-26,34/10-1 GULLFAKS,GULLFAKS,050,489,L,STATOIL,Den norske stats oljeselskap a.s,DEEPSEA BERGEN,18.10.1985,26.10.1985,9,NORTH SEA,34,10,26,61.216639,2.273269,ED50,6787296.34,460960.74,31,ST 8488 - 325   SP. 160,,P&A,DRY,APPRAISAL,APPRAISAL,600,23,219,PLIOCENE,24.03.2006,858,44594,43686,287983,21188,858
34/10-27,34/10-27,34/10-1 GULLFAKS,GULLFAKS,050,495,L,STATOIL,Den norske stats oljeselskap a.s,WEST VENTURE OLD,02.12.1985,14.12.1985,13,NORTH SEA,34,10,27,61.175311,2.189989,ED50,6782745.56,456430.11,31,ST 8488 - 404   SP. 261,,SUSP.REENTERED LATER,GAS,APPRAISAL,APPRAISAL,450,32,135,PLIOCENE,24.03.2006,867,44594,43686,362494,21188,867
34/10-27 R,34/10-27,34/10-1 GULLFAKS,GULLFAKS,050,495,L2,STATOIL,Den norske stats oljeselskap a.s,WEST VENTURE OLD,27.01.1986,31.01.1986,5,NORTH SEA,34,10,27,61.175311,2.189989,ED50,6782745.56,456430.11,31,ST 8488 - 404  SP. 261,PLUGGING,P&A,GAS,APPRAISAL,APPRAISAL,450,32,135,PLIOCENE,24.03.2006,888,44594,43686,362494,21188,888
34/10-28,34/10-28,34/10-2 GULLFAKS S?R,GULLFAKS S?R,050,498,L,STATOIL,Den norske stats oljeselskap a.s,DYVI STENA,02.01.1986,16.01.1986,15,NORTH SEA,34,10,28,61.108886,2.256589,ED50,6775304.14,459928.28,31,LINE 170 CDP 405 (3D-SURVEY),,JUNKED,DRY,APPRAISAL,APPRAISAL,521,25,133,PLIOCENE,24.03.2006,872,44606,43699,290980,21188,872
34/10-29,34/10-29,34/10-1 GULLFAKS,GULLFAKS,050,496,L,STATOIL,Den norske stats oljeselskap a.s,WEST VENTURE OLD,27.12.1985,26.01.1986,31,NORTH SEA,34,10,29,61.17585,2.191322,ED50,6782804.69,456502.57,31,ST 8488 2111  SP. 500,,P&A,GAS,APPRAISAL,APPRAISAL,405,32,135,PLIOCENE,24.03.2006,453,44594,43686,362494,21188,453
34/10-30,34/10-30,34/10-2 GULLFAKS S?R,GULLFAKS S?R,050,501,L,STATOIL,Den norske stats oljeselskap a.s,DYVI STENA,16.01.1986,12.05.1986,115,NORTH SEA,34,10,30,61.108631,2.256644,ED50,6775275.64,459930.95,31,LINJE 170  SP 405 (3D-SURVEY),,P&A,OIL/GAS,APPRAISAL,APPRAISAL,3785,25,133,LATE TRIASSIC,24.03.2006,877,44606,43699,290980,21188,877
34/10-31,34/10-31,34/10-1 GULLFAKS,GULLFAKS,050,502,L,STATOIL,Den norske stats oljeselskap a.s,WEST VENTURE OLD,01.02.1986,10.04.1986,69,NORTH SEA,34,10,31,61.175667,2.187628,ED50,6782786.74,456303.61,31,ST 8488 - 2111   SP. 516,,P&A,GAS,APPRAISAL,APPRAISAL,420,32,132,PLIOCENE,24.03.2006,887,44594,43686,362494,21188,887
34/10-32,34/10-32,34/10-2 GULLFAKS S?R,GULLFAKS S?R,050,540,L,STATOIL,Den norske stats oljeselskap a.s,WEST VISION,09.04.1987,13.07.1987,96,NORTH SEA,34,10,32,61.075936,2.212108,ED50,6771662.05,457486.56,31,ST 8134-227 CP 365,,SUSP.REENTERED LATER,OIL/GAS,APPRAISAL,APPRAISAL,3753,34,136,LATE TRIASSIC,24.03.2006,1051,44606,43699,289495,21188,1051
34/10-32 R,34/10-32,34/10-2 GULLFAKS S?R,GULLFAKS S?R,050,540,L3,STATOIL,Den norske stats oljeselskap a.s,DEEPSEA BERGEN,15.07.1987,10.08.1987,27,NORTH SEA,34,10,32,61.075936,2.212108,ED50,6771662.05,457486.56,31,ST 8134 - 227   CP. 365,PLUGGING,P&A,OIL/GAS,APPRAISAL,APPRAISAL,3742,23,136,LATE TRIASSIC,24.03.2006,1128,44606,43699,287983,21188,1128
34/10-33,34/10-33,34/10-2 GULLFAKS S?R,GULLFAKS S?R,050,591,L,STATOIL,Den norske stats oljeselskap a.s,WEST DELTA,25.09.1988,15.12.1988,82,NORTH SEA,34,10,33,61.126233,2.215861,ED50,6777262,457756.18,31,ST 8134 - 156  CELLEPKT. 296,,P&A,OIL/GAS,APPRAISAL,APPRAISAL,3872,29,134,EARLY JURASSIC,24.03.2006,1302,44606,43699,287821,21188,1302
34/10-33 A,34/10-33,34/10-2 GULLFAKS S?R,GULLFAKS S?R,050,598,L,STATOIL,Den norske stats oljeselskap a.s,WEST DELTA,16.12.1988,09.02.1989,56,NORTH SEA,34,10,33,61.126233,2.215861,ED50,6777262,457756.18,31,ST 8134 - 156 CELLEPKT 296,,P&A,OIL,APPRAISAL,APPRAISAL,3851,29,134,MIDDLE JURASSIC,24.03.2006,1365,44606,43699,287821,21188,1365
34/10-33 C,34/10-33,34/10-2 GULLFAKS S?R,GULLFAKS S?R,050,614,L,STATOIL,Den norske stats oljeselskap a.s,DEEPSEA BERGEN,11.07.1989,09.08.1989,30,NORTH SEA,34,10,33,61.126233,2.215861,ED50,6777262,457756.18,31,ST 8134- 156  SP. 296,,SUSP.REENTERED LATER,OIL/GAS,APPRAISAL,APPRAISAL,3753,23,134,EARLY JURASSIC,24.03.2006,1384,44606,43699,287983,21188,1384
34/10-33 B,34/10-33,34/10-2 GULLFAKS S?R,GULLFAKS S?R,050,608,L,STATOIL,Den norske stats oljeselskap a.s,DEEPSEA BERGEN,27.04.1989,11.07.1989,76,NORTH SEA,34,10,33,61.126233,2.215861,ED50,6777262,457756.18,31,ST 8134-156 CP.296 OG 297 (BHPOS.CP.270),,P&A,OIL/GAS,APPRAISAL,APPRAISAL,3942,23,134,MIDDLE JURASSIC,24.03.2006,1407,44606,43699,287983,21188,1407
34/10-33 CR,34/10-33,34/10-2 GULLFAKS S?R,GULLFAKS S?R,050,614,L2,STATOIL,Den norske stats oljeselskap a.s,DEEPSEA BERGEN,24.02.1990,27.04.1990,63,NORTH SEA,34,10,33,61.126233,2.215861,ED50,6777262,457756.18,31,ST 8134 - 156 SP.3290,TESTING/PLUGGING,P&A,OIL,APPRAISAL,APPRAISAL,3753,23,134,EARLY JURASSIC,24.03.2006,1530,44606,43699,287983,21188,1530
34/10-34,34/10-34,34/10-34 GULLFAKS VEST,GULLFAKS,050,672,L,STATOIL,Den norske stats oljeselskap a.s,DEEPSEA BERGEN,10.04.1991,31.05.1991,52,NORTH SEA,34,10,34,61.217831,2.134636,ED50,6787519.76,453515.53,31,ST 8511-364& SP. 327P,,SUSPENDED,OIL,WILDCAT,WILDCAT,2410,23,139,EARLY JURASSIC,24.03.2006,1747,44624,43686,287983,21188,1747
34/10-34 R,34/10-34,34/10-34 GULLFAKS VEST,GULLFAKS,050,672,L2,STATOIL,Den norske stats oljeselskap a.s,TRANS. WILDCAT,06.10.2001,16.10.2001,11,NORTH SEA,34,10,34,61.217831,2.134636,ED50,6787519.76,453515.53,31,,PLUGGING,P&A,OIL,WILDCAT,WILDCAT,2410,23,139,EARLY JURASSIC,24.03.2006,4426,44624,43686,297028,21188,4426
34/10-35,34/10-35,34/10-23 VALEMON,,050,715,L,STATOIL,Den norske stats oljeselskap a.s,ROSS RIG,05.02.1992,30.06.1992,147,NORTH SEA,34,10,35,61.071158,2.321325,ED50,6771063.85,463374.05,31,ST 8720-REKKE 507 & KOLONNE 1181,,P&A,GAS,APPRAISAL,WILDCAT,4310,23,135,EARLY JURASSIC,24.03.2006,1874,44618,,294382,21188,1874
34/10-36,34/10-36,34/10-2 GULLFAKS S?R,GULLFAKS S?R,050,723,L,STATOIL,Den norske stats oljeselskap a.s,DEEPSEA BERGEN,28.04.1992,13.07.1992,77,NORTH SEA,34,10,36,61.113469,2.176431,ED50,6775866.39,455614.12,31,ST 8720-695  & KOLONNE 555,,P&A,OIL,APPRAISAL,APPRAISAL,3640,23,136,EARLY JURASSIC,24.03.2006,1940,44606,43699,287983,21188,1940
34/10-37,34/10-37,34/10-37 GULLVEIG,GULLFAKS S?R,050,802,L,STATOIL,Den norske stats oljeselskap a.s,DEEPSEA BERGEN,26.01.1995,24.02.1995,30,NORTH SEA,34,10,37,61.13605,2.015503,ED50,6778501.3,446979.26,31,ST 9207 ROV 2065 &  COL 745,,P&A,OIL,WILDCAT,WILDCAT,2873,23,140,EARLY JURASSIC,24.03.2006,2431,44630,43699,287983,21188,2431
34/10-37 A,34/10-37,34/10-37 GULLVEIG,GULLFAKS S?R,050,808,L,STATOIL,Den norske stats oljeselskap a.s,DEEPSEA BERGEN,24.02.1995,03.04.1995,39,NORTH SEA,34,10,37,61.13605,2.015503,ED50,6778501.3,446979.26,31,ST 9207- ROW 2065 & COLUMN 745,,SUSPENDED,OIL,APPRAISAL,APPRAISAL,2950,23,140,MIDDLE JURASSIC,24.03.2006,2530,44630,43699,287983,21188,2530
34/10-37 AR,34/10-37,34/10-37 GULLVEIG,GULLFAKS S?R,050,808,L2,STATOIL,Den norske stats oljeselskap a.s,TRANS. WILDCAT,17.10.2001,25.10.2001,8,NORTH SEA,34,10,37,61.13605,2.015503,ED50,6778501.3,446979.26,31,,PLUGGING,,OIL,APPRAISAL,APPRAISAL,2950,25,140,MIDDLE JURASSIC,24.03.2006,4432,44630,43699,297028,21188,4432
34/10-38 S,34/10-38,34/10-17 RIMFAKS,GULLFAKS S?R,050,805,L,STATOIL,Den norske stats oljeselskap a.s,DEEPSEA BERGEN,05.04.1995,29.05.1995,55,NORTH SEA,34,10,38,61.073131,2.026994,ED50,6771483.91,447493.92,31,ST 9207  rekke 1520 & kolonne 920,,P&A,OIL/GAS,APPRAISAL,APPRAISAL,3940,23,137,LATE TRIASSIC,24.03.2006,2517,44600,43699,287983,21188,2517
34/10-39 S,34/10-39,,,050,812,L,STATOIL,Den norske stats oljeselskap a.s,DEEPSEA BERGEN,31.05.1995,20.06.1995,21,NORTH SEA,34,10,39,61.212442,2.025586,ED50,6787001.95,447649.07,31,ST 9207-3D: Row 2738 & Column 634,,P&A,DRY,WILDCAT,WILDCAT,3290,23,140,EARLY JURASSIC,24.03.2006,2574,,,287983,21188,2574
34/10-40 S,34/10-40,34/10-40 S,,050,821,L,STATOIL,Den norske stats oljeselskap a.s,GULLFAKS B,13.08.1995,13.10.1995,62,NORTH SEA,34,10,40,61.203033,2.20135,ED50,6785825.93,457078.91,31,Topp Brent:ST 8511 rekke 952 & cp 587.,,RE-CLASS TO DEV,GAS,WILDCAT,WILDCAT,5900,81,143,EARLY JURASSIC,24.03.2006,2634,44636,,271917,21188,2634
34/10-41 S,34/10-41,,,050,890,L,STATOIL,Den norske stats oljeselskap a.s,DEEPSEA TRYM,13.07.1997,28.08.1997,47,NORTH SEA,34,10,41,61.231761,2.095083,ED50,6789100.19,451412.46,31,st 9207- inline 2973 & crossline 886,,P&A,DRY,WILDCAT,WILDCAT,3420,25,141,EARLY JURASSIC,24.03.2006,3085,,,296164,21188,3085
34/10-42 S,34/10-42,34/10-23 VALEMON,,050,960,L,STATOIL,Den norske stats oljeselskap a.s,TRANS. ARCTIC,15.07.1999,19.09.1999,67,NORTH SEA,34,10,42,61.007497,2.284294,ED50,6763994.22,461298.18,31,STM98MS INNLINE 856 & X-LINE 3056,,P&A,SHOWS,APPRAISAL,APPRAISAL,4520,24,135,EARLY JURASSIC,24.03.2006,3816,44618,,294382,21188,3816
34/10-43 S,34/10-43,34/10-43 S,GULLFAKS S?R,050 B,993,L,STATOIL,Den norske stats oljeselskap a.s,TRANS. WILDCAT,25.02.2001,11.04.2001,46,NORTH SEA,34,10,43,61.10855,2.049933,ED50,6775410.84,448788.97,31,,,P&A,OIL,WILDCAT,WILDCAT,5725,25,139,TRIASSIC,24.03.2006,4247,1628630,43699,297028,21196,4247
34/10-44 S,34/10-44,34/10-44 S RIMFAKS LUNDE,GULLFAKS S?R,050,1018,L,STATOIL,Den norske stats oljeselskap a.s,TRANS. WILDCAT,30.05.2001,08.07.2001,40,NORTH SEA,34,10,44,61.064069,2.003031,ED50,6770494.13,446185.45,31,,,RE-CLASS TO DEV,GAS/CONDENSATE,WILDCAT,WILDCAT,4865,25,137,LATE TRIASSIC,24.03.2006,4422,1630418,43699,297028,21188,4422
34/10-45 S,34/10-45,34/10-45 S,GULLFAKS,050,1027,L,STATOIL,Statoil ASA,GULLFAKS B,03.11.2001,12.01.2002,71,NORTH SEA,34,10,45,61.202758,2.201647,ED50,6785795.1,457094.51,31,,,RE-CLASS TO DEV,GAS/CONDENSATE,WILDCAT,WILDCAT,7594,81,143,LATE JURASSIC,24.03.2006,4450,1853762,43686,271917,21188,4450
34/10-45 A,34/10-45,34/10-45 S,GULLFAKS,050,1033,L,STATOIL,Statoil ASA,GULLFAKS B,12.01.2002,23.02.2002,43,NORTH SEA,34,10,45,61.202758,2.201647,ED50,6785795.1,457094.51,31,,,RE-CLASS TO DEV,GAS/CONDENSATE,APPRAISAL,APPRAISAL,6523,81,143,LATE JURASSIC,24.03.2006,4501,1853762,43686,271917,21188,4501
34/10-45 B,34/10-45,34/10-45 B,GULLFAKS,050,1068,L,STATOIL,Statoil ASA,GULLFAKS B,10.10.2003,06.11.2003,28,NORTH SEA,34,10,45,61.202758,2.201647,ED50,6785795.1,457094.51,31,,,RE-CLASS TO DEV,GAS/CONDENSATE,WILDCAT,WILDCAT,7928,81,143,MIDDLE JURASSIC,24.03.2006,4824,2482767,43686,271917,21188,4824
34/10-46 S,34/10-46,,,050,1030,L,STATOIL,Statoil ASA,GULLFAKS A,13.11.2001,01.02.2002,81,NORTH SEA,34,10,46,61.176106,2.189147,ED50,6782834.61,456385.94,31,,,RE-CLASS TO DEV,GAS,WILDCAT,WILDCAT,5568,82,134,EARLY JURASSIC,24.03.2006,4489,,,271833,21188,4489
34/10-46 A,34/10-46,34/10-46 A,GULLFAKS,050,1032,L,STATOIL,Statoil ASA,GULLFAKS A,01.02.2002,18.03.2002,46,NORTH SEA,34,10,46,61.176106,2.189147,ED50,6782834.61,456385.94,31,,,RE-CLASS TO DEV,OIL/GAS,WILDCAT,WILDCAT,6860,82,134,MIDDLE JURASSIC,24.03.2006,4500,2066044,43686,271833,21188,4500
34/10-46 B,34/10-46,34/10-46 A,GULLFAKS,050,1035,L,STATOIL,Statoil ASA,GULLFAKS A,17.03.2002,12.05.2002,57,NORTH SEA,34,10,46,61.176106,2.189147,ED50,6782834.61,456385.94,31,,,RE-CLASS TO DEV,DRY,APPRAISAL,APPRAISAL,7725,82,134,MIDDLE JURASSIC,24.03.2006,4527,2066044,43686,271833,21188,4527
34/10-47 S,34/10-47,34/10-47 S GULLTOPP,GULLFAKS S?R,050 B,1042,L,STATOIL,Statoil ASA,DEEPSEA TRYM,22.09.2002,02.11.2002,42,NORTH SEA,34,10,47,61.18125,2.053083,ED50,6783505.97,449075.98,31,ST9607-inline 2401 & CDP 2056,,SUSPENDED,OIL,WILDCAT,WILDCAT,4027,25,140,MIDDLE JURASSIC,24.03.2006,4609,2144184,43699,296164,21196,4609
34/10-47 A,34/10-47,,,050 B,1046,L,STATOIL,Statoil ASA,DEEPSEA TRYM,02.11.2002,14.11.2002,13,NORTH SEA,34,10,47,61.18125,2.053083,ED50,6783505.97,449075.98,31,ST9607-inline 2401 & CDP 2056,,P&A,DRY,WILDCAT,WILDCAT,3020,25,140,EARLY JURASSIC,24.03.2006,4640,,,296164,21196,4640
34/10-48 S,34/10-48,34/10-48 S,,050,1071,L,STATOIL,Statoil ASA,GULLFAKS C,17.03.2004,22.12.2004,281,NORTH SEA,34,10,48,61.214928,2.274344,ED50,6787105.1,461016.37,31,linje 2951 & CDP 3135,,P&A,OIL,WILDCAT,WILDCAT,7477,84,217,LATE TRIASSIC,24.03.2006,4902,3000688,,272645,21188,4902
34/10-48 A,34/10-48,,,050,1089,L,STATOIL,Statoil ASA,GULLFAKS C,22.12.2004,31.01.2005,41,NORTH SEA,34,10,48,61.214928,2.274344,ED50,6787105.1,461016.37,31,inline 2963- CD 3155-TVD 2750,,P&A,OIL,APPRAISAL,APPRAISAL,5878,84,217,MIDDLE JURASSIC,24.03.2006,5046,,,272645,21188,5046
34/10-49 S,34/10-49,,,050,1099,L,STATOIL,Statoil ASA,OCEAN VANGUARD,20.03.2006,,0,NORTH SEA,34,10,49,61.129192,2.090606,ED50,6777678.84,451013.16,31,,,,,WILDCAT,WILDCAT,0,22,138,,24.03.2006,5140,,,287902,21188,5140
34/11-1,34/11-1,34/11-1 KVITEBJ?RN,KVITEBJ?RN,193,792,L,STATOIL,Den norske stats oljeselskap a.s,ROSS RIG,07.07.1994,25.10.1994,111,NORTH SEA,34,11,1,61.079017,2.506317,ED50,6771849.79,473363.91,31,TFE 91- ROW 635 & COLUMN 1921,,P&A,GAS/CONDENSATE,WILDCAT,WILDCAT,4580,23,191,EARLY JURASSIC,24.03.2006,2377,44642,1036101,294382,22356,2377
34/11-2 S,34/11-2,34/11-2 S N?KKEN,,193,838,L,STATOIL,Den norske stats oljeselskap a.s,VILDKAT EXPLORER,16.01.1996,17.05.1996,123,NORTH SEA,34,11,2,61.2259,2.382447,ED50,6788267.62,466835.28,31,TFE 91- ROW 1111& COLUMN 653,,SUSPENDED,GAS/CONDENSATE,WILDCAT,WILDCAT,4742,25,261,EARLY JURASSIC,24.03.2006,2733,44648,,297028,22356,2733
34/11-3,34/11-3,34/11-1 KVITEBJ?RN,KVITEBJ?RN,193,853,L,STATOIL,Den norske stats oljeselskap a.s,DEEPSEA TRYM,01.08.1996,16.01.1997,169,NORTH SEA,34,11,3,61.095903,2.518475,ED50,6773725.82,474033.73,31,TFE 91R95W- INLINE 792 & CROSSLINE 1860,,P&A,GAS/CONDENSATE,APPRAISAL,APPRAISAL,4230,25,207,EARLY JURASSIC,24.03.2006,2866,44642,1036101,296164,22356,2866
34/11-4,34/11-4,34/10-23 VALEMON,,193,947,L,STATOIL,Den norske stats oljeselskap a.s,TRANS. ARCTIC,09.12.1998,14.04.1999,127,NORTH SEA,34,11,4,61.057278,2.379583,ED50,6769486.55,466503.35,31,TFE 91- INLINE 356 & X-LINE 1641,,P&A,GAS/CONDENSATE,APPRAISAL,APPRAISAL,4438,24,133,EARLY JURASSIC,24.03.2006,3314,44618,,294382,22356,3314
34/11-5 S,34/11-5,,,193,1106,L,STATOIL,Statoil ASA,KVITEBJ?RN,31.01.2006,02.03.2006,31,NORTH SEA,34,11,5,61.080281,2.499722,ED50,6771993.27,473009.2,31,line9671-survey ST0407,,SUSP. AT 13 3/8'',,WILDCAT,WILDCAT,0,61,190,,24.03.2006,5248,,,280877,22356,5248
35/1-1,35/1-1,,,269,1038,L,PHILLIPS,Phillips Petroleum Company Norway,DEEPSEA BERGEN,28.05.2002,18.07.2002,52,NORTH SEA,35,1,1,61.835864,3.073392,ED50,6856062.02,503864.91,31,Supergrid line 30280&Supergrid trace 782,,P&A,DRY,WILDCAT,WILDCAT,4540,23,408,LATE TRIASSIC,24.03.2006,4541,,,287983,1624410,4541
35/2-1,35/2-1,,,318,1098,L,HYDRO,Norsk Hydro Produksjon AS,DEEPSEA TRYM,21.07.2005,30.08.2005,0,NORTH SEA,35,2,1,61.890958,3.342803,ED50,6862245.11,518020.07,31,NHO473-101/NH0473-101,,SUSPENDED,GAS,WILDCAT,WILDCAT,712,25,384,TERTIARY,24.03.2006,5135,,,296164,2786586,5135
35/3-1,35/3-1,,,041,162,L,SAGA,Saga Petroleum ASA,DEEPSEA SAGA,19.07.1976,26.10.1976,100,NORTH SEA,35,3,1,61.844969,3.728156,ED50,6857289,538333.83,31,,,P&A,DRY,WILDCAT,WILDCAT,4475,25,304,MIDDLE JURASSIC,24.03.2006,432,,,289090,21116,432
35/3-2,35/3-2,35/3-2 AGAT,,041,249,L,SAGA,Saga Petroleum ASA,SEDCO 707,19.05.1980,26.10.1980,161,NORTH SEA,35,3,2,61.851661,3.774506,ED50,6858062.65,540764.96,31,TLGS 78-01 SP.2945,,P&A,GAS/CONDENSATE,WILDCAT,WILDCAT,4400,24,272,PRE-DEVONIAN,24.03.2006,136,44768,,288037,21116,136
35/3-3,35/3-3,,,041,265,L,SAGA,Saga Petroleum ASA,BYFORD DOLPHIN,30.10.1980,28.11.1980,30,NORTH SEA,35,3,3,61.865167,3.873833,ED50,6859633.43,545972.49,31,TLGS 78 - 01A  SP: 2727.,,JUNKED,DRY,WILDCAT,WILDCAT,900,25,259,OLIGOCENE,24.03.2006,491,,,341331,21116,491
35/3-4,35/3-4,35/3-2 AGAT,,041,272,L,SAGA,Saga Petroleum ASA,BYFORD DOLPHIN,30.11.1980,06.06.1981,189,NORTH SEA,35,3,4,61.86515,3.874164,ED50,6859631.8,545989.9,31,,,P&A,GAS/CONDENSATE,APPRAISAL,WILDCAT,4089,25,258,PRE-DEVONIAN,24.03.2006,219,44768,,341331,21116,219
35/3-5,35/3-5,,,041,313,L,SAGA,Saga Petroleum ASA,WEST VENTURE OLD,22.12.1981,31.03.1982,100,NORTH SEA,35,3,5,61.796308,3.912225,ED50,6851990.69,548099.85,31,SG 8130 - 413 &  SP 484,,P&A,DRY,WILDCAT,WILDCAT,4114,33,262,PRE-DEVONIAN,24.03.2006,433,,,362494,21116,433
35/3-6,35/3-6,,,270,1029,L,RWE-DEA,RWE Dea Norge AS,DEEPSEA BERGEN,06.02.2002,02.04.2002,56,NORTH SEA,35,3,6,61.8936,3.988136,ED50,6862886.92,551937.48,31,GP3D93 inline 3825 & crossline 1820,,P&A,DRY,WILDCAT,WILDCAT,3366,25,225,LATE JURASSIC,24.03.2006,4492,,,287983,1624436,4492
35/4-1,35/4-1,,,194,870,L,HYDRO,Norsk Hydro Produksjon AS,TREASURE SAGA,23.12.1996,24.05.1997,153,NORTH SEA,35,4,1,61.533486,3.302294,ED50,6822412.01,516075.7,31,NH 9402-crossline 4643 & inline 2487,,P&A,SHOWS,WILDCAT,WILDCAT,4936,26,378,TRIASSIC,24.03.2006,2993,,,296326,22364,2993
35/8-1,35/8-1,35/8-1,,058,258,L,GULF,Norwegian Gulf Exploration Company AS,SEDCO 704,27.07.1980,24.01.1981,182,NORTH SEA,35,8,1,61.357325,3.362247,ED50,6802804.7,519372.88,31,79 - 2 - 35A SP 460,,P&A,GAS/CONDENSATE,WILDCAT,WILDCAT,4345,26,377,LATE TRIASSIC,24.03.2006,205,44774,,288820,21260,205
35/8-2,35/8-2,35/8-2,,058,299,L,GULF,Norwegian Gulf Exploration Company AS,SEDCO 704,11.09.1981,21.05.1982,253,NORTH SEA,35,8,2,61.27095,3.366158,ED50,6793184.26,519635.98,31,79-1-4C SP: 478,,P&A,GAS/CONDENSATE,WILDCAT,WILDCAT,4335,26,381,EARLY JURASSIC,24.03.2006,434,44780,,288820,21260,434
35/8-3,35/8-3,35/8-3,,058,580,L,GULF,Norwegian Gulf Exploration Company AS,TREASURE SCOUT,05.07.1988,15.10.1988,103,NORTH SEA,35,8,3,61.351486,3.534064,ED50,6802217.37,528566.79,31,LINJE 79 - 2 - 30   SP 590,,P&A,GAS,WILDCAT,WILDCAT,3944,23,373,MIDDLE JURASSIC,24.03.2006,1288,1333027,,287848,21260,1288
35/8-4,35/8-4,,,195,959,L,BP,BP NORWAY LIMITED U.A.,WEST ALPHA,04.07.1999,10.08.1999,38,NORTH SEA,35,8,4,61.359175,3.505681,ED50,6803061.76,527041.96,31,BPA 9301 SD:IL 4035.XL 5522,,P&A,DRY,WILDCAT,WILDCAT,3719,18,376,LATE JURASSIC,24.03.2006,3791,,,297514,22372,3791
35/8-5 S,35/8-5,,,195,1063,L,HYDRO,Norsk Hydro Produksjon AS,DEEPSEA DELTA,01.06.2003,20.07.2003,50,NORTH SEA,35,8,5,61.377864,3.655636,ED50,6805214.87,535039.97,31,,,P&A,SHOWS,WILDCAT,WILDCAT,4000,29,399,MIDDLE JURASSIC,24.03.2006,4761,,,287821,22372,4761
35/9-1,35/9-1,35/9-1 GJ?A,,153,603,L,HYDRO,Norsk Hydro Produksjon AS,POLAR PIONEER,31.03.1989,08.05.1989,39,NORTH SEA,35,9,1,61.385542,3.984367,ED50,6806290.8,552595.04,31,DGM 1-86-0473 3D CDP 1850,,SUSP.REENTERED LATER,OIL/GAS,WILDCAT,WILDCAT,2350,23,361,PRE-DEVONIAN,24.03.2006,1375,44786,,289333,22036,1375
35/9-1 R,35/9-1,35/9-1 GJ?A,,153,603,L2,HYDRO,Norsk Hydro Produksjon AS,POLAR PIONEER,03.07.1989,27.07.1989,25,NORTH SEA,35,9,1,61.385542,3.984367,ED50,6806290.8,552595.04,31,DGM 1-86-0473 3D CDP 1850,TESTING/PLUGGING,P&A,OIL/GAS,WILDCAT,WILDCAT,2350,23,361,PRE-DEVONIAN,24.03.2006,1441,44786,,289333,22036,1441
35/9-2,35/9-2,35/9-2,,153,663,L,HYDRO,Norsk Hydro Produksjon AS,VILDKAT EXPLORER,01.01.1991,03.04.1991,92,NORTH SEA,35,9,2,61.335747,3.937942,ED50,6800707.8,550194.35,31,NH 8902 - ROW 816 & KOL. 1229,,P&A,OIL/GAS,WILDCAT,WILDCAT,2885,25,367,PRE-DEVONIAN,24.03.2006,1600,2449421,,297028,22036,1600
35/9-3,35/9-3,35/9-3,,153,906,L,HYDRO,Norsk Hydro Produksjon AS,WEST VANGUARD,23.09.1997,11.11.1997,50,NORTH SEA,35,9,3,61.481044,3.975047,ED50,6816921.17,551938.12,31,NH 9405- INLINE 2925 & CROSSLINE 7511,,P&A,OIL/GAS,WILDCAT,WILDCAT,2783,22,346,PRE-DEVONIAN,24.03.2006,3206,45651,,287902,22036,3206
35/9-4 S,35/9-4,35/9-2,,153,930,L,HYDRO,Norsk Hydro Produksjon AS,TRANS. LEADER,13.07.1998,12.08.1998,31,NORTH SEA,35,9,4,61.325694,3.965342,ED50,6799609.42,551677.16,31,NH 8902- INLINE 762 & CROSSLINE 1111,,SUSPENDED,DRY,APPRAISAL,APPRAISAL,1261,24,388,PALEOCENE,24.03.2006,3524,2449421,,296677,22036,3524
35/9-4 SR,35/9-4,,,153,930,L2,STATOIL,Statoil ASA,TRANS. LEADER,12.08.1998,13.08.1998,2,NORTH SEA,35,9,4,61.325694,3.965342,ED50,6799609.42,551677.16,31,NH8902-inline762 & crossline 1111,,P&A,DRY,APPRAISAL,APPRAISAL,1261,24,364,PALEOCENE,24.03.2006,5228,,,296677,22036,5228
35/10-1,35/10-1,,,173,692,L,STATOIL,Den norske stats oljeselskap a.s,DEEPSEA BERGEN,01.08.1991,16.01.1992,169,NORTH SEA,35,10,1,61.117236,3.226353,ED50,6776027.74,512197.93,31,NOD4 - 84 - 06 &  SP. 2030,,P&A,OIL/GAS SHOWS,WILDCAT,WILDCAT,3986,23,362,EARLY JURASSIC,24.03.2006,1822,,,287983,22196,1822
35/10-2,35/10-2,35/10-2,,173,843,L,STATOIL,Den norske stats oljeselskap a.s,TRANS. ARCTIC,16.04.1996,22.08.1996,106,NORTH SEA,35,10,2,61.039631,3.041833,ED50,6767362.83,502259.88,31,ST 9303-INLINE 3500 & CROSSLINE 2500,,P&A,GAS,WILDCAT,WILDCAT,4677,24,373,EARLY JURASSIC,24.03.2006,2783,44738,,294382,22196,2783
35/10-3,35/10-3,,,173,950,L,STATOIL,Den norske stats oljeselskap a.s,TRANS. ARCTIC,23.06.1999,14.07.1999,22,NORTH SEA,35,10,3,61.046656,3.127972,ED50,6768151.38,506911.67,31,ST 9303- INLINE 536 & CROSSLINE 2436,,P&A,DRY,WILDCAT,WILDCAT,2250,24,363,LATE CRETACEOUS,24.03.2006,3719,,,294382,22196,3719
35/11-1,35/11-1,,,090,417,L,MOBIL,MOBIL EXPLORATION NORWAY INC.,NORTRYM,23.05.1984,06.08.1984,76,NORTH SEA,35,11,1,61.183131,3.662486,ED50,6783527.21,535626.01,31,SG 8043 - 205  SP. 2360,,P&A,OIL/GAS SHOWS,WILDCAT,WILDCAT,3361,25,365,TRIASSIC,24.03.2006,128,,,288010,21524,128
35/11-2,35/11-2,35/11-2,,090,553,L,MOBIL,MOBIL EXPLORATION NORWAY INC.,TREASURE SCOUT,20.07.1987,04.12.1987,138,NORTH SEA,35,11,2,61.174006,3.458711,ED50,6782416.83,524675.04,31,NM84 - 208   SP. 520,,P&A,GAS/CONDENSATE,WILDCAT,WILDCAT,4025,23,372,EARLY JURASSIC,24.03.2006,893,44744,,287848,21524,893
35/11-3 S,35/11-3,,,090,611,L,MOBIL,MOBIL EXPLORATION NORWAY INC.,DYVI STENA,27.06.1989,09.09.1989,75,NORTH SEA,35,11,3,61.086733,3.338464,ED50,6772656.11,518257.03,31,MN 88 - 815  SP. 585,,P&A,OIL SHOWS,WILDCAT,WILDCAT,4040,25,358,EARLY JURASSIC,24.03.2006,1356,,,290980,21524,1356
35/11-4,35/11-4,35/11-4 FRAM,FRAM,090,642,L,MOBIL,MOBIL EXPLORATION NORWAY INC.,YATZY,18.08.1990,29.12.1990,134,NORTH SEA,35,11,4,61.033314,3.548217,ED50,6766782.48,529620.95,31,MN88 - 814    SP 440,,SUSP.REENTERED LATER,OIL/GAS,WILDCAT,WILDCAT,3127,17,355,EARLY JURASSIC,24.03.2006,1523,44750,1578840,289306,21524,1523
35/11-4 R,35/11-4,35/11-4 FRAM,FRAM,090,642,L3,MOBIL,MOBIL EXPLORATION NORWAY INC.,SOVEREIGN EXPLOR,16.11.1991,27.01.1992,73,NORTH SEA,35,11,4,61.033314,3.548217,ED50,6766782.48,529620.95,31,MN88 - 814  SP 440,DRILLING/PLUGGING,P&A,OIL/GAS,APPRAISAL,APPRAISAL,3120,27,355,EARLY JURASSIC,24.03.2006,1883,44750,1578840,289846,21524,1883
35/11-5,35/11-5,,,090,687,L,MOBIL,MOBIL EXPLORATION NORWAY INC.,SOVEREIGN EXPLOR,27.06.1991,03.11.1991,130,NORTH SEA,35,11,5,61.079328,3.398192,ED50,6771849.34,521483.79,31,MN 88-814 &  SP. 822,,P&A,OIL/GAS,WILDCAT,WILDCAT,3769,27,355,EARLY JURASSIC,24.03.2006,1780,,,289846,21524,1780
35/11-6,35/11-6,35/11-2,,090,714,L,MOBIL,MOBIL EXPLORATION NORWAY INC.,SOVEREIGN EXPLOR,30.01.1992,20.04.1992,82,NORTH SEA,35,11,6,61.196061,3.465406,ED50,6784876.16,525017.66,31,MN9003 - 302 &   SP 632,,P&A,OIL SHOWS,APPRAISAL,APPRAISAL,3995,27,370,EARLY JURASSIC,24.03.2006,1879,44744,,289846,21524,1879
35/11-7,35/11-7,35/11-7,FRAM,090,737,L,MOBIL,MOBIL EXPLORATION NORWAY INC.,WEST DELTA,23.07.1992,29.09.1992,69,NORTH SEA,35,11,7,61.033261,3.590619,ED50,6766796.52,531912.04,31,MN 88-813 & SP. 541,,P&A,OIL/GAS,WILDCAT,WILDCAT,2895,29,355,EARLY JURASSIC,24.03.2006,1979,44756,1578840,287821,21524,1979
35/11-8 S,35/11-8,35/11-8 S,FRAM,090,841,L,HYDRO,Norsk Hydro Produksjon AS,TREASURE SAGA,03.03.1996,11.05.1996,70,NORTH SEA,35,11,8,61.090425,3.537458,ED50,6773139.14,528987.44,31,MN 9201- INLINE 4287 & CROSSLINE 1277,,P&A,OIL/GAS,WILDCAT,WILDCAT,3624,26,361,EARLY JURASSIC,24.03.2006,2772,44762,1578840,296326,21524,2772
35/11-9,35/11-9,35/11-8 S,FRAM,090,875,L,HYDRO,Norsk Hydro Produksjon AS,WEST DELTA,02.03.1997,01.05.1997,61,NORTH SEA,35,11,9,61.065064,3.501931,ED50,6770298.99,527092.97,31,MN 9201- INLINE 5320 & CROSSLINE 1455,,P&A,OIL,APPRAISAL,APPRAISAL,2830,29,357,MIDDLE JURASSIC,24.03.2006,3009,44762,1578840,287821,21524,3009
35/11-10,35/11-10,35/11-4 FRAM,FRAM,090,891,L,HYDRO,Norsk Hydro Produksjon AS,WEST VANGUARD,19.05.1997,23.06.1997,36,NORTH SEA,35,11,10,61.019594,3.523969,ED50,6765243.58,528323.08,31,MN 9201- INLINE 5385 & CROSSLINE 1871,,P&A,OIL/GAS,APPRAISAL,APPRAISAL,2950,22,354,EARLY JURASSIC,24.03.2006,3042,44750,1578840,287902,21524,3042
35/11-10 A,35/11-10,35/11-4 FRAM,FRAM,090,899,L,HYDRO,Norsk Hydro Produksjon AS,WEST VANGUARD,23.06.1997,14.07.1997,22,NORTH SEA,35,11,10,61.019594,3.523969,ED50,6765243.58,528323.08,31,MN 9201 inline 5385 xline 1871,,P&A,OIL SHOWS,APPRAISAL,APPRAISAL,3259,22,354,MIDDLE JURASSIC,24.03.2006,3151,44750,1578840,287902,21524,3151
35/11-11,35/11-11,35/11-8 S,FRAM,090,927,L,HYDRO,Norsk Hydro Produksjon AS,TRANS. LEADER,16.04.1998,22.05.1998,37,NORTH SEA,35,11,11,61.108728,3.563633,ED50,6775189.73,530381.59,31,MN 920196- INLINE 3530 &  X-LINE 114,,P&A,SHOWS,APPRAISAL,APPRAISAL,3225,24,359,EARLY JURASSIC,24.03.2006,3356,44762,1578840,296677,21524,3356
35/11-12,35/11-12,,,248,973,L,HYDRO,Norsk Hydro Produksjon AS,TRANS. ARCTIC,19.04.2000,14.05.2000,26,NORTH SEA,35,11,12,61.128758,3.381572,ED50,6777350.06,520555.02,31,Crossline 2764 & Inline 1288 Survey STNH,,P&A,OIL SHOWS,WILDCAT,WILDCAT,3378,24,364,MIDDLE JURASSIC,24.03.2006,4054,,,294382,102285,4054
35/11-13,35/11-13,,,090 B,1092,L,HYDRO,Norsk Hydro Produksjon AS,DEEPSEA TRYM,18.03.2005,13.05.2005,57,NORTH SEA,35,11,13,61.16225,3.539278,ED50,6781140.46,529019.63,31,MN92001R03:inline934 & crossline 976,,P&A,OIL/GAS,WILDCAT,WILDCAT,3266,25,388,LATE JURASSIC,24.03.2006,5063,,,296164,3426781,5063
35/12-1,35/12-1,,,174,720,L,SAGA,Saga Petroleum ASA,TREASURE SAGA,27.02.1992,24.04.1992,58,NORTH SEA,35,12,1,61.184461,3.962614,ED50,6783875.97,551762.89,31,NO.D4-84-83 & SP. 920,,P&A,OIL SHOWS,WILDCAT,WILDCAT,3020,26,351,EARLY JURASSIC,24.03.2006,1881,,,296326,22204,1881
36/1-1,36/1-1,,,042,128,L,AMOCO,Amoco Norway Oil Company,DYVI ALPHA,09.05.1975,14.06.1975,37,NORTH SEA,36,1,1,61.944544,4.262183,ED50,6868811.12,566230.22,31,LINE ANO 74-18  SP.191,,P&A,DRY,WILDCAT,WILDCAT,1596,26,165,PRE-DEVONIAN,24.03.2006,435,,,297514,21124,435
36/1-2,36/1-2,,,042,138,L,SAGA,Saga Petroleum ASA,DEEPSEA SAGA,26.08.1975,27.10.1975,63,NORTH SEA,36,1,2,61.883403,4.014497,ED50,6861772.37,553340.71,31,LINE CH 431-120   SP.730,,P&A,SHOWS,WILDCAT,WILDCAT,3256,26,226,PRE-DEVONIAN,24.03.2006,436,,,289090,21124,436
36/4-1,36/4-1,,,196,850,L,BP,BP NORWAY LIMITED U.A.,M?RSK JUTLANDER,03.09.1996,02.10.1996,30,NORTH SEA,36,4,1,61.732389,4.033692,ED50,6844966.43,554617.38,31,BPN 9401 INLINE 2034 CROSSLINE 1196,,P&A,DRY,WILDCAT,WILDCAT,2717,23,260,PRE-DEVONIAN,24.03.2006,2847,,,296353,22380,2847
36/7-1,36/7-1,36/7-1,,153,842,L,HYDRO,Norsk Hydro Produksjon AS,WEST VANGUARD,31.03.1996,07.05.1996,38,NORTH SEA,36,7,1,61.353747,4.015894,ED50,6802775.15,554334.61,31,NH 8902-INLINE 928 & CROSSLINE 900,,P&A,OIL/GAS,WILDCAT,WILDCAT,2841,22,358,PRE-DEVONIAN,24.03.2006,1794,44792,,287902,22036,1794
36/7-2,36/7-2,36/7-2,,153,869,L,HYDRO,Norsk Hydro Produksjon AS,WEST VANGUARD,02.09.1997,22.09.1997,21,NORTH SEA,36,7,2,61.306528,4.329722,ED50,6797817.45,571225.2,31,NH 9205 - 113 A & SP. 625,,P&A,OIL,WILDCAT,WILDCAT,1435,22,270,PRE-DEVONIAN,24.03.2006,2990,44798,,287902,22036,2990
36/7-3,36/7-3,,,153,1020,L,HYDRO,Norsk Hydro Produksjon AS,TRANS. ARCTIC,12.12.2001,06.01.2002,26,NORTH SEA,36,7,3,61.425867,4.049892,ED50,6810837,556023.58,31,NH 0069.204/Nh 0069-402,,P&A,DRY,WILDCAT,WILDCAT,2948,24,349,MIDDLE JURASSIC,24.03.2006,4427,,,294382,22036,4427
